Words,Counts
ab,1
active,1
amplifon,2
band,3
bettear,2
big,1
community,3
connect,1
etty,1
free,2
gn,1
gnresound,1
gps,11
granot,1
gsp,1
hershimm,2
http,1
https,63
ido,1
inna,1
irit,1
ksp,1
led,3
liora,2
liraz,2
lugassi,1
lydia,1
meitav,5
miri,1
nava,1
oren,1
orit,1
pdf,1
pliscov,1
rabinovitz,1
raviv,1
resound,3
sephora,6
shlomit,1
short,1
shosh,1
smart,2
tal,1
tamar,2
the,1
tv,2
twizer,1
usb,1
uzan,1
xiaomi,2
yotam,2
zoom,1
אאוץ,1
אבדוק,6
אבולעפיה,2
אבחנה,4
אבטחה,1
אבטחת,5
אבי,2
אביב,18
אביזר,2
אביזרי,1
אבין,1
אבל,83
אבקש,5
אברהם,1
אגב,2
אגודת,12
אגיב,1
אגיד,1
אגף,1
אגש,1
אדאג,1
אדום,15
אדומה,6
אדיב,1
אדם,15
אה,6
אהרון,1
או,119
אודות,1
אודיו,1
אודיוגרמה,1
אודיע,1
אוהבים,1
אוהבת,2
אוזן,1
אוטומטי,1
אוטומטית,4
אוי,1
אוכל,1
אוכלוסיות,1
אוכלוסיית,1
אולאיל,1
אולי,17
אוליאל,2
אולפן,1
אומר,8
אומרים,3
אומרת,6
אונו,1
אופה,1
אופטימי,1
אופטימים,2
אופטימלים,1
אופן,5
אופציה,3
אופציות,1
אופקי,1
אוקון,7
אוקטובר,1
אוקי,1
אוקיי,5
אור,4
אורטפון,1
אורית,1
אורנג,1
אושרו,1
אות,2
אותה,4
אותו,18
אותי,10
אותיות,1
אותך,7
אותכם,1
אותם,12
אותן,2
אותנו,6
אז,97
אזהרה,1
אזור,3
אזורי,4
אזורים,7
אזורית,1
אזי,2
אזעקה,38
אזעקות,20
אזרחים,1
אזרחית,1
אח,8
אחא,9
אחד,82
אחוז,4
אחוזי,1
אחורה,4
אחזה,1
אחזיק,1
אחכ,2
אחלה,2
אחפש,2
אחר,17
אחראיות,1
אחראית,1
אחרהצ,1
אחרון,1
אחרות,9
אחרי,13
אחריה,1
אחריות,2
אחרים,12
אחרת,14
אחת,22
אחתה,1
אטומים,1
אי,8
איזה,24
איזו,8
איזור,2
איזורי,2
איזורים,1
איזשהו,1
איחר,1
איטיות,1
איטית,2
איטרנט,2
אייל,10
אייפון,11
איך,28
איכות,11
איכותיות,1
איל,5
אילו,2
אילם,2
אילמים,7
אילן,3
אילנה,2
אין,99
אינבדואלי,1
אינדיבידואלית,1
אינה,2
אינו,4
אינטרנט,3
אינטרס,1
איני,1
אינכם,1
אינם,1
אינסטגרם,1
אינפורמציה,1
איסוף,1
איפה,14
איקס,1
אירגון,1
אירוע,1
אירועי,1
איש,4
אישור,2
אישי,5
אישיות,1
אישית,10
אישר,1
איתו,4
איתי,3
איתך,1
איתם,2
איתנו,3
אך,14
אכן,7
אכפתיות,1
אכשהו,1
אל,9
אלא,20
אלה,5
אלו,6
אלול,5
אלוף,1
אלי,4
אליה,3
אליהו,3
אליהם,5
אליו,3
אליך,4
אליכם,10
אלינו,3
אלך,1
אלמוג,5
אלפי,2
אלפים,8
אם,115
אמון,1
אמונה,1
אמור,5
אמורים,2
אמין,4
אמינה,1
אמיר,1
אמן,1
אמנם,1
אמצעי,6
אמר,2
אמרה,5
אמרו,10
אמריקה,1
אמרת,1
אמרתי,2
אמת,7
אנא,9
אנדרואיד,6
אנו,9
אנונימי,2
אנוש,1
אנושי,3
אנחנו,19
אנחעו,1
אני,156
אנסה,4
אנרגיות,1
אנשי,2
אנשים,56
אסדר,1
אסדת,1
אסונות,1
אסור,3
אסטרונומי,1
אסמכתא,1
אסמסים,1
אסתר,1
אעדיף,1
אעדכן,2
אעזקה,1
אעלה,1
אעשה,1
אף,5
אפ,1
אפוד,2
אפילו,9
אפל,3
אפלייה,2
אפליקציה,28
אפליקציות,16
אפליקצייה,1
אפליקציית,7
אפליקצית,2
אפלצקייה,1
אפלקיצה,1
אפלקצייה,1
אפס,1
אפקטיבי,2
אפשר,52
אפשרויות,2
אפשרות,15
אפשרי,6
אפשרית,1
אצבעות,1
אצל,3
אצלה,1
אצלהם,1
אצלי,10
אצלינו,1
אצלך,1
אצלכם,1
אצלנו,4
אקבל,1
אקח,5
אקטיב,16
אקים,1
אקנה,1
אקספרס,1
ארגון,1
ארגוני,2
ארגונים,2
ארדיטי,1
ארה,1
ארוחות,1
ארוך,1
ארוכות,2
ארכז,1
ארצית,3
אש,1
אשדוד,6
אשכים,1
אשלח,1
אשליה,1
אשמח,25
אשקלון,3
אשר,1
את,275
אתבייש,1
אתגר,1
אתה,32
אתי,4
אתכם,3
אתם,9
אתמול,10
אתר,2
בgfs,1
בyes,1
בא,3
באג,1
באגודת,1
באה,1
באוכלוסיות,1
באומנים,2
באופן,16
באורט,1
באותה,1
באותו,3
באזור,7
באזורים,1
באזעקה,2
באחא,5
באחריות,1
באחת,1
באטימות,1
באיזה,2
באיזור,4
באיחור,2
באייפון,2
באייפונים,1
באיכות,3
באים,1
באינטרנט,4
באינטרקום,1
באיסוף,1
באישור,1
באלפי,1
באמזון,1
באמנותו,1
באמצע,1
באמצעות,26
באמצעי,2
באמצעים,3
באמת,15
באנדרואיד,2
באנשי,1
באנשים,3
באף,2
באפליקציה,10
באפליקציות,1
באפליקצייה,1
באפליקציית,3
באפשרויות,1
באפשרות,1
באר,1
בארנונה,1
בארץ,6
באשדוד,5
באשמתך,1
באתר,6
באתרים,2
בבאר,2
בבוקר,1
בבחינת,1
בבטל,1
בביטוח,2
בביפר,2
בביפרים,1
בביקור,1
בבירוקרטיה,1
בבירור,1
בבית,5
בביתם,1
בבלוטות,1
בבן,1
בבנק,2
בבנקים,3
בבעיות,1
בבקשה,25
בברכה,3
בגבעת,1
בגדול,4
בגולדה,1
בגולן,2
בגוש,1
בגלישה,1
בגלל,21
בדבריהם,1
בדגל,1
בדגם,1
בדיבור,1
בדיון,1
בדיוק,21
בדיזינגוף,1
בדיחה,1
בדילאיי,1
בדיליי,1
בדיקה,1
בדק,1
בדקה,1
בדקו,2
בדקתי,4
בדרך,3
בדרכים,2
בה,12
בהבנה,1
בהבנת,1
בהגדרה,3
בהגדרות,1
בהודעה,1
בהודעות,2
בהודעת,3
בהוט,6
בהוצאה,1
בהורדת,2
בהחזר,1
בהחלט,6
בהירות,1
בהכל,1
בהכרח,2
בהלה,1
בהם,1
בהמון,1
בהמשך,4
בהן,1
בהנגשה,1
בהנחה,2
בהערות,1
בהפתעה,1
בהצלחה,3
בהקדם,4
בהקלדה,3
בהרבה,4
בהרצאות,1
בהשוואה,1
בהשתתפות,1
בהתאם,2
בהתאמה,2
בהתחלה,2
בהתחשב,1
בהתייחסות,1
בהתכתבויות,1
בהתכתבות,2
בהתנדבות,1
בהתקשרות,2
בהתראות,1
בהתרעות,1
בו,8
בוא,1
בואו,7
בודק,2
בודקים,1
בודקת,2
בוואטסאפ,3
בוואסטפ,1
בוודאי,2
בווטסאפ,3
בוועד,1
בוועדת,1
בוחרים,1
בוחרת,1
בוט,1
בול,1
בולשיט,3
בום,1
בומים,2
בונה,1
בונים,1
בוצעה,1
בוקר,18
בושה,1
בזה,8
בזהירות,1
בזום,8
בזיהוי,2
בזכויות,3
בזכות,2
בזמן,33
בזמנו,2
בחברה,1
בחברות,1
בחברת,1
בחדשות,2
בחו,1
בחודש,1
בחולון,1
בחום,2
בחוסר,2
בחוץ,1
בחוק,2
בחורה,1
בחזרה,1
בחיי,1
בחיים,1
בחילופי,1
בחילוץ,1
בחינם,3
בחינת,1
בחיפה,4
בחירה,2
בחירום,2
בחירות,1
בחלוקה,1
בחלק,4
בחלקן,1
בחלקת,1
בחמל,1
בחנות,3
בחסר,1
בחקיקה,1
בחקלאות,1
בחרדות,1
בחרו,2
בחרנו,1
בחשבון,1
בחשיבות,1
בט,1
בטוב,1
בטוח,3
בטוחה,3
בטון,1
בטח,6
בטיולים,1
בטיחותי,1
בטיפול,5
בטיפים,1
בטכנולוגיה,2
בטלוויזיה,4
בטלויזיה,4
בטלפון,7
בטעות,1
בטענות,1
בי,1
ביאליק,2
ביגי,1
ביד,1
בידי,1
בידיוק,1
בידיך,1
בידך,1
ביהוד,1
ביוזמת,1
ביום,9
ביומיים,1
ביותר,4
ביזיונית,1
ביחד,3
ביטוח,2
ביטון,1
ביטחון,4
ביטחוני,1
ביטל,1
בייצור,1
בים,1
בימי,1
בימים,5
בימינו,1
בין,24
בינגו,1
בינתיים,5
ביס,2
ביעקוב,1
ביפר,3
ביצוע,1
ביקורות,1
ביקורים,1
ביקורת,3
ביקוש,1
ביקש,1
ביקשו,1
ביקשתי,5
בירוקרטיים,1
בירושלים,7
בישובים,1
בישראל,9
בית,14
ביתי,1
ביתיות,1
בך,2
בכבוד,2
בכבודו,2
בכבלים,1
בכוונת,1
בכולן,1
בכזה,1
בכי,4
בכיוון,1
בכייף,1
בכך,2
בכל,39
בכלל,19
בכללי,1
בכמות,1
בכפר,2
בכרמיאל,1
בכשירות,1
בכתב,1
בכתוביות,1
בלבד,15
בלבולי,1
בלגן,1
בלוטוס,1
בלוטות,1
בלחיצת,1
בלחץ,1
בלטון,1
בלי,19
בלילה,4
בלילות,2
בלינק,3
בלעדיהן,1
בלצאת,1
בלתי,2
במאבק,1
במאגר,2
במבחן,1
במבצע,1
במגירה,1
במדינה,1
במדינת,2
במה,5
במהירות,1
במהלב,3
במהלך,2
במהרה,2
במודעות,1
במועדון,2
במועצה,2
במחיר,1
במחירים,2
במחלקת,1
במחשב,2
במטבח,1
במטח,1
במידה,6
במידע,3
במידת,1
במיוחד,7
במייל,7
במילים,1
במיעוטו,1
במישהו,1
במכבי,3
במכרז,1
במכשירי,1
במלאי,1
במלוא,2
במלחמת,1
בממד,2
בממשלה,1
במנהל,1
במס,2
במסגרת,2
במסכים,1
במספר,4
במעבד,1
במעקב,1
במערב,1
במפגש,1
במפרט,1
במצב,13
במצבי,1
במצוקה,2
במצטבר,1
במקביל,3
במקום,15
במקומות,1
במקרה,5
במקרים,1
במרחב,1
במרכז,3
במשהו,1
במשימתו,1
במשך,3
במשמרת,1
במשרד,3
במתח,2
במתמללים,1
בן,9
בנאדם,1
בנגישות,1
בנד,7
בנו,1
בנוגע,1
בנוחיות,1
בנוי,1
בנוסף,8
בנושא,11
בנושאים,1
בני,5
בניגוד,2
בנייד,1
בנפרד,1
בנפש,2
בנק,6
בנקאי,1
בנקאים,1
בנקודת,2
בנקים,1
בנתיים,1
בסבבה,1
בסביבה,1
בסבסוד,1
בסגנון,2
בסדר,8
בסוף,3
בסופו,3
בסיב,1
בסיס,2
בסיסי,1
בסך,1
בסל,6
בסלולארי,1
בסלולר,1
בסלי,1
בסמרטפון,1
בסניפים,1
בספוטיפיי,1
בסקר,2
בסרטון,1
בע,1
בעבודה,1
בעבורו,1
בעבר,5
בעברית,1
בעד,1
בעדה,1
בעו,1
בעובדה,1
בעוד,4
בעוטף,4
בעול,1
בעולמנו,1
בעומס,1
בעורף,1
בעזרת,2
בעזרתו,1
בעיברית,1
בעיה,16
בעיות,6
בעיית,1
בעיניו,3
בעיניי,1
בעיניך,3
בעיקר,5
בעיקרו,1
בעיקרון,1
בעיר,9
בעיריה,1
בעיריות,2
בעירייה,2
בעיריית,5
בעיתון,1
בעיתות,1
בעל,4
בעלות,1
בעלי,4
בעליל,1
בעלת,1
בעמותה,2
בעמק,1
בעניין,6
בעפולה,1
בעצם,2
בעצמו,2
בעצמי,1
בעצמם,1
בעקבות,4
בעקיצה,1
בערד,1
בערוץ,11
בערוצים,4
בערים,3
בעשרת,1
בעת,9
בפאלפון,1
בפומבי,2
בפוסט,1
בפועל,2
בפייסבוק,4
בפינה,1
בפיקוד,3
בפלאפון,8
בפני,1
בפניות,1
בפנייה,2
בפעילות,1
בפעם,1
בפעמון,1
בפרט,1
בפרטי,18
בפרטיותה,1
בפרי,2
בפתח,2
בצאט,1
בצבע,2
בצורה,6
בצורן,2
בציבור,1
בצילצול,1
בצירוף,1
בצלצול,1
בצמיד,2
בצפון,6
בקבוצה,15
בקבוצות,1
בקבוצת,4
בקבלת,2
בקהילתנו,1
בקול,7
בקופה,1
בקופסא,1
בקופת,2
בקטע,1
בקיבוץ,1
בקידום,1
בקיצור,2
בקישור,8
בקלות,1
בקליטה,1
בקליניקה,1
בקצב,1
בקצרה,1
בקרב,3
בקרוב,4
בקריות,1
בקריית,1
בקרית,1
בקשה,9
בקשות,1
בקשר,2
בקשתי,1
בראייה,1
בראש,1
בראשו,1
בראשון,4
בראשונות,1
בראשלצ,1
ברבים,1
ברגע,2
ברוב,2
ברווחה,5
ברוך,2
ברוכי,1
ברופא,1
ברור,14
ברורה,1
ברזל,4
ברחבי,2
ברחוב,2
ברטט,2
בריא,1
בריגל,1
ברירה,1
ברישום,1
ברישיון,1
ברכישת,1
ברמה,3
ברמות,2
ברמת,2
ברנוי,9
ברנע,1
ברנפון,2
ברעננה,1
ברצינות,1
ברצף,1
ברק,3
ברקע,1
ברשויות,1
ברשות,3
ברשיות,1
ברשימה,3
ברשת,1
בשביל,7
בשבילי,1
בשבילך,1
בשבילם,1
בשבת,1
בשום,1
בשוני,1
בשוק,1
בשטות,1
בשטח,2
בשיא,1
בשידור,3
בשידורים,1
בשיחה,3
בשיתוף,1
בשכונות,1
בשכן,1
בשל,2
בשלב,2
בשלוף,1
בשלושה,1
בשלמותה,1
בשם,3
בשמחה,1
בשמחת,1
בשמיעה,4
בשמירה,1
בשנות,1
בשניהם,1
בשעה,5
בשעון,4
בשעונים,3
בשעות,1
בשעת,4
בשפה,1
בשפת,2
בת,1
בתגובות,1
בתוך,2
בתוכה,1
בתוכניות,1
בתום,1
בתוספת,2
בתוקף,1
בתור,3
בתושבי,1
בתחום,4
בתחושה,1
בתי,3
בתיק,1
בתכל,1
בתכלס,1
בתל,5
בתמלול,2
בתנאי,1
בתפעול,2
בתפריט,1
בתקווה,1
בתקופה,3
בתקציבים,1
בתקשורת,2
בתרגום,1
בתשובה,1
גאה,1
גבוה,1
גבול,1
גג,2
גדול,4
גדולה,8
גדולים,1
גובה,1
גודל,1
גולדבלט,1
גולן,1
גולשות,1
גוף,2
גופים,1
גורם,4
גורמים,2
גוש,1
גיבויים,1
גיוס,1
גילוי,1
גלאי,4
גלגלים,1
גלקסי,1
גם,146
גמור,2
גמלת,2
גמני,1
גן,6
גני,1
גר,2
גרה,5
גרוע,1
גרועה,6
גרועות,1
גרות,1
גרים,2
גרימברג,1
גרמין,3
גרנוט,1
גרנות,8
גת,1
דאגת,1
דאגתי,1
דב,2
דבוקים,1
דבר,21
דברי,1
דבריה,1
דברים,17
דגם,13
דגש,3
דואג,1
דואגת,3
דובר,7
דוברי,1
דוגמא,1
דוגמאות,1
דווקא,7
דוחף,1
דויד,1
דולר,1
דומה,2
דומיה,1
דומייה,6
דומים,2
דור,2
דורית,1
דורש,2
דורשת,1
דחופה,1
דחילק,1
די,5
דיבור,11
דיבר,1
דיברה,2
דיברתי,4
דיגיטלי,1
דיגיתל,3
דיווח,2
דיווחים,2
דיון,3
דיונים,1
דיייי,1
דיילי,2
דילאיי,1
דין,2
דינמים,1
דיס,1
דליי,3
דמי,2
דמם,1
דממה,1
דן,2
דנה,1
דעה,1
דעות,1
דעת,3
דעתה,1
דעתי,4
דפדפי,1
דפוק,1
דפים,1
דקדוק,1
דקה,3
דקות,3
דקת,4
דרום,1
דרישותי,1
דרך,38
דרכו,2
דתיה,1
הfbi,1
האבל,1
האגו,1
האדונים,1
האדמוניות,1
האוטומטית,1
האוייב,2
האופציות,1
האות,1
האזור,2
האזעקה,11
האזעקות,3
האזרחי,1
האזרחים,1
האחרון,3
האחרונה,1
האחרונות,1
האחרונים,4
האחרות,4
האחריות,2
האחרים,3
האחת,1
האטת,1
האיזורים,1
האייפון,1
האינטרנט,3
האיש,2
האישי,6
האישית,2
האלה,5
האלו,2
האלוהים,1
האם,37
האמינות,1
האמיתי,1
האמת,2
האנדרואיד,1
האנרגיות,2
האנשים,11
האסון,1
האפליקציה,24
האפליקציות,12
האפשר,1
האפשרויות,1
האפשרות,2
האפשרי,2
האפשריות,2
האקוטיזם,2
האקטיב,1
הארגונים,1
הארה,1
הארוך,1
הארץ,7
האתחול,1
האתר,3
הבא,4
הבאה,2
הבדיקה,1
הבדל,5
הבדלים,1
הבהוב,4
הבהרה,1
הבועה,2
הבוקר,2
הבחירה,1
הבטיחו,1
הביא,1
הביאו,1
הביטוי,1
הביטחון,5
הביטחוני,3
הביטחונית,1
הביפר,2
הביפרים,1
הביצועים,1
הביקורת,1
הבית,2
הבלתי,1
הבן,1
הבנה,2
הבנו,2
הבנק,2
הבנקאים,1
הבנקים,2
הבנת,3
הבנתה,1
הבנתי,16
הבעיה,9
הבעיות,1
הבעייה,1
הבעייתיים,1
הבעלי,1
הגבול,1
הגבלה,3
הגברת,1
הגבת,1
הגדולה,1
הגדולות,1
הגדרה,5
הגדרות,6
הגדרת,2
הגופים,1
הגז,1
הגיבה,1
הגיוני,2
הגיוניות,1
הגיל,1
הגיע,1
הגיעו,1
הגישה,1
הגלגלים,2
הגלישה,1
הגעתי,1
הגרוע,1
הגרועה,1
הגשתי,1
הדביקו,1
הדבר,5
הדברים,3
הדגיש,1
הדגם,3
הדובר,1
הדוברים,1
הדיאלוג,1
הדיבור,1
הדיון,3
הדיונים,2
הדס,1
הדעת,2
הדרום,1
הדרך,2
הדרכה,3
ההבדל,3
ההבנה,2
ההגדרה,2
ההגדרות,1
ההגנה,1
ההגעה,2
ההדרכה,1
ההוא,1
ההודעה,69
ההודעות,2
ההחזר,3
ההטפות,1
ההמלצה,1
ההנגשה,3
ההסברה,1
ההצפה,1
ההקלדה,2
ההרצאה,1
ההתבטאות,1
ההתחברות,1
ההתייחסות,1
ההתנהלות,2
ההתראה,8
ההתראות,4
ההתרעה,5
ההתרעהבברכה,1
ההתרעות,4
הוא,56
הואלת,1
הודיע,2
הודיעו,1
הודעה,13
הודעות,11
הודעת,1
הוואטסאפ,1
הוובינר,1
הווטס,1
הווטסאפ,4
הווידאו,6
הווסטאפ,1
הוזכר,1
הוט,12
הויכוח,4
הוכחה,2
הוכחות,1
הולך,1
הולם,1
הולנדר,1
הוסבר,1
הוסיפה,1
הוספת,1
הופך,1
הוצאה,1
הוצאות,1
הוקמו,1
הוראות,1
הורידו,2
הושמט,6
הושמטה,1
הזאת,8
הזה,42
הזו,10
הזוג,1
הזוועה,1
הזוועות,2
הזוי,1
הזולת,1
הזום,1
הזכאי,2
הזכויות,1
הזכות,3
הזמינה,1
הזמינו,1
הזמינות,1
הזמן,21
הזמנות,1
הזמנים,1
הזמנת,1
הזניקה,1
הזעם,1
הזעקות,2
הזקוקים,1
החברות,3
החברים,1
החברתי,1
החברתיים,3
החדשה,1
החדשות,1
החוכמה,2
החולים,3
החוסן,1
החוץ,1
החוק,6
החזר,26
החזרים,2
החזרתם,1
החיבור,2
החיים,1
החילוץ,3
החירום,5
החירשות,1
החירשים,5
החכם,3
החכמים,3
החלו,2
החלוקה,8
החליט,2
החליטה,1
החליפו,2
החלפה,1
החמות,1
החסרונות,1
החקירה,2
החרשים,8
החשאיות,1
החשבון,2
החשוב,1
הטובה,1
הטובות,1
הטובים,1
הטופס,2
הטיעון,1
הטיפ,2
הטיפים,3
הטכנולוגי,2
הטכנולוגיה,1
הטכנולוגית,1
הטכניות,1
הטלוויזיה,1
הטלויזיה,2
הטלפון,16
הטעייה,1
הטעינה,2
הטקסט,1
הטרחה,1
הי,6
היא,32
היבואן,1
היד,4
הידע,1
היה,32
היו,7
היוזמה,3
היום,28
היומי,1
היופ,1
היות,1
היחיד,2
היחידה,2
היטב,3
היי,9
הייטקס,1
היינו,1
היישומון,3
היית,3
הייתה,4
הייתי,8
הייתם,3
היכן,4
היכנסו,2
הילה,5
הינה,1
הינו,3
היסטוריית,1
היעד,1
היצרן,2
היקר,5
הירידה,1
הישראלי,1
הישראלית,1
היתה,1
הכבוד,5
הכוונה,5
הכוונות,2
הכול,1
הכולל,1
הכוללת,1
הכומתה,1
הכותרת,1
הכי,22
הכיוונים,1
הכין,1
הכינוי,1
הכיתוביות,4
הכל,26
הכלכלה,2
הכלכלי,4
הכללית,1
הכנו,1
הכניסה,1
הכנסה,1
הכסף,3
הכפתור,1
הכרה,1
הכרית,3
הכשרה,1
הכתב,1
הכתבה,1
הכתוביות,13
הלאה,7
הלב,1
הלבנונים,1
הלוואי,4
הלוחשת,1
הלחץ,3
הליווי,1
הלילה,2
הלינק,2
הללו,2
הלם,1
הלמעלה,1
הלן,7
הלקוח,3
הלקוחות,1
הלקונה,1
הלקח,1
הלר,2
הם,30
המבין,1
המגורים,2
המדבקה,1
המדגים,1
המדובר,1
המדוייקים,1
המדוייקת,2
המדינה,9
המהירות,1
המובילים,4
המוגן,1
המוזיקאלי,1
המוח,1
המוכנות,1
המומלץ,2
המון,7
המונה,2
המועדון,3
המועצה,4
המוצע,1
המוצר,3
המוקד,3
המורשות,1
המורשים,1
המושג,1
המזעזעת,1
המח,1
המחוקק,1
המחיר,9
המחרידים,1
המחשב,2
המחשבים,1
המטען,2
המטרה,4
המידע,10
המיועד,2
המיטב,1
המיטה,2
המילה,2
המילים,2
המיקום,3
המכון,1
המכירות,1
המכשיר,3
המכשירים,1
המכתב,2
המלחמה,11
המלחמות,1
המלימה,1
המליץ,1
המלצה,4
המלצות,2
הממיר,1
הממסד,1
המנהל,1
המנהלים,1
המסחרי,1
המסייע,2
המסך,1
המספר,13
המעולה,1
המעוניינים,1
המעורר,2
המענה,2
המענים,2
המערכות,1
המערכת,3
המפגש,2
המפיצים,1
המצב,12
המצטרפות,1
המציאו,1
המציאות,4
המצליח,1
המקובלת,1
המקוון,1
המקום,2
המקומות,2
המקומיות,1
המקומית,3
המקור,2
המקורות,1
המקסים,1
המקריות,1
המקרים,1
המראות,1
המרחבים,1
המרכז,4
המרכזיות,1
המרץ,1
המרקחת,1
המשטרה,1
המשך,3
המשכנתאות,1
המשלימות,1
המשמעות,1
המשתמע,1
המתאים,1
המתאימה,1
המתאימים,1
המתלוננים,1
המתנדבות,1
המתפנים,1
המתקדמות,1
המתקשים,1
הן,6
הנאמר,2
הנגיש,1
הנגישות,4
הנגשה,6
הנגשת,1
הנה,2
הנוכחי,2
הנוכחיים,1
הנופלים,3
הנורא,1
הנושא,9
הנושאים,2
הנזק,1
הנחה,1
הנחות,1
הנחיה,2
הנחיות,1
הנחיתי,1
הנייד,4
הנכדים,1
הנכון,2
הנל,2
הנסיבות,2
הנספים,1
הנסתר,1
הנפילות,1
הנפש,1
הנפשות,2
הנפשי,2
הנצורים,1
הנציג,1
הנקודה,1
הנקרא,1
הנראה,1
הנרחב,1
הנרצחים,1
הנשאל,1
הנשיא,1
הנתון,1
הנתונים,1
הסביבתיים,1
הסבר,6
הסברה,2
הסברים,1
הסוללות,2
הסולם,1
הסוף,1
הסחורה,1
הסחות,1
הסיבה,3
הסייבר,1
הסיכוי,1
הסימנים,9
הסיפור,1
הסכום,2
הסכים,1
הסכמה,2
הסל,6
הסלולרי,2
הסמויות,1
הספרייה,2
הסקר,9
הסתגלות,1
הסתדרנו,1
הסתיים,1
העבודה,6
העבירה,1
העבירו,1
העדויות,1
העדכון,3
העובדה,1
העובדת,1
העוטף,1
העולמית,1
העומס,1
העונש,1
העורף,77
העזרה,3
העיירות,1
העין,8
העיקר,2
העיקריות,1
העיר,6
העירוני,2
העירונית,1
העיריה,1
העיריות,2
העירייה,7
העיתונאים,1
העלה,2
העלויות,1
העלות,1
העליון,1
העליונה,1
העלנו,1
העמותות,1
העמק,2
העניין,4
העסק,1
העצה,1
העצמאות,1
העצמית,1
העצמת,1
הערב,1
הערה,1
הערוץ,1
הערוצים,8
הערות,2
הערים,1
הערתי,2
הפאשלות,1
הפגנה,1
הפה,1
הפוגעת,1
הפוליטיקלי,1
הפון,1
הפונטיקה,1
הפונקציןת,1
הפועלגם,1
הפועלים,4
הפייסבוק,2
הפיץ,1
הפיקוד,1
הפירוש,1
הפיתוחים,1
הפלאפון,3
הפלפון,1
הפנו,1
הפניות,2
הפנימיה,1
הפנמת,1
הפנס,2
הפסקה,2
הפעולה,2
הפעולות,1
הפעלה,2
הפעלת,2
הפעם,2
הפצה,1
הפרט,2
הפרטיות,1
הפרטים,2
הפריסה,1
הפריע,1
הפריצה,1
הפרסום,2
הפרסומים,1
הפרק,1
הפרש,2
הפרשות,2
הפתרון,2
הצ,1
הצבא,1
הצבעה,1
הצבעות,4
הצד,2
הצופר,1
הצופרים,1
הצורך,4
הצטרפה,1
הצטרפו,3
הצטרפתם,1
הציבור,3
הצלה,1
הצלחתי,4
הצלחתם,1
הצליח,1
הצליל,1
הצלצול,1
הצלת,1
הצמיד,5
הצמידים,4
הצעדים,1
הצעות,3
הצער,1
הצעת,1
הצעתי,1
הצעתך,1
הצפון,2
הצפייה,1
הצפירה,1
הצפת,1
הצרכים,5
הקבוע,1
הקבוצה,12
הקבוצות,2
הקבלה,1
הקדוש,1
הקדימו,1
הקהילה,8
הקהילתי,1
הקודמת,1
הקוי,1
הקולות,1
הקופה,2
הקופות,3
הקטע,1
הקימה,2
הקישור,6
הקישוריות,1
הקלדה,1
הקליטה,1
הקמת,1
הקניה,2
הקפדה,1
הקצה,1
הקצרנות,1
הקרוב,4
הקריות,1
הקריטריונים,1
הקשה,1
הקשורים,1
הקשים,1
הקשר,1
הראיתי,1
הראל,1
הראש,2
הראשון,1
הראשונה,4
הראשית,1
הראתי,1
הרבה,23
הרבות,1
הרגילים,2
הרגל,1
הרגשיות,1
הרווחה,37
הרוש,3
הרחב,1
הרטט,8
הרי,5
הריבים,1
הרכישה,1
הרלוונטי,2
הרלוונטיות,1
הרמקולים,1
הרע,1
הרעב,2
הרעיון,2
הרעש,1
הרקטות,1
הרשאות,1
הרשויות,4
הרשות,3
הרשמה,2
הרשמו,3
הרשמי,2
הרשמית,1
הרשת,1
הרתעה,1
השאירו,4
השאלה,3
השאלות,3
השאר,6
השבוע,3
השבועות,1
השבע,2
השבת,1
השוד,1
השוואות,1
השומעים,1
השונות,2
השוק,1
השטן,1
השיבושים,1
השידה,1
השידור,2
השידורים,1
השיחה,2
השיטה,2
השילוב,1
השימוש,1
השיעור,1
השיקול,1
השיר,1
השירות,7
השירותים,3
השירים,1
השכילו,1
השכמה,1
השכנים,1
השלטון,1
השליחה,1
השלילית,1
השלם,1
השלמה,1
השם,5
השמות,1
השמיעה,10
השני,3
השניה,1
השנייה,1
השניים,1
השעון,32
השעונים,21
השעות,6
השקט,1
השקיעו,1
השקיפות,1
השקעה,1
השרון,2
השתל,3
השתמשתי,2
השתנה,2
השתתפות,1
התאחדות,1
התאמה,4
התאמות,1
התבלבלתי,1
התברר,1
התגובה,2
התגובות,2
התגלה,1
התודעה,1
התוכנות,1
התוכנית,1
התוצאה,1
התוצאות,1
התורים,1
התושבים,2
התחברות,2
התחברתי,1
התחום,3
התחיל,3
התחילה,1
התחילו,2
התחשבות,1
התחתון,1
התיבות,1
התיווך,1
התיחסות,1
התייחס,1
התייחסות,2
התייחסותך,1
התייעצו,1
התכוון,1
התכוונו,1
התכוונתי,1
התכנים,1
התכתבות,2
התכתבתי,1
התלבטתי,1
התלונה,1
התלוננו,2
התמודדות,1
התמיכה,1
התנגדות,1
התנדבות,1
התנדבותי,1
התנהגת,1
התנהלות,2
התנסות,1
התסכול,3
התעוררו,1
התעסקות,1
התקבלה,2
התקוה,1
התקיים,1
התקלות,1
התקן,2
התקנתי,1
התקף,1
התקציב,1
התקשורת,6
התקשר,2
התקשרת,1
התראה,31
התראות,19
התראת,1
התרגלתי,1
התרומה,2
התריע,5
התריעה,2
התריעו,1
התרעה,14
התרעות,7
התרעת,2
התשובה,4
ואגרות,1
ואולי,2
ואומרים,2
ואז,12
ואזי,1
ואזעקה,1
ואזעקות,1
ואח,2
ואחכ,5
ואחרי,1
ואחת,1
ואי,1
ואיום,2
ואיזה,2
ואיך,2
ואיכותי,1
ואילך,1
ואילם,1
ואין,5
ואינני,1
ואיפה,2
ואיפשרו,1
ואלו,1
ואם,18
ואמא,1
ואמין,1
ואמר,1
ואמרה,1
ואמרו,1
ואמרתי,1
ואנדרואיד,1
ואנו,1
ואני,12
ואנרגיות,1
ואנשים,1
ואף,1
ואפילו,3
ואפשר,3
ואפשרי,2
וארשום,1
ואשמח,1
ואת,6
ואתה,2
ואתי,1
ואתם,1
ובאותו,1
ובאיזה,2
ובאילו,1
ובאמת,1
ובאתי,1
ובגדול,1
ובגודל,1
ובגלל,1
ובהזמנה,1
ובהמשך,1
ובהצלחה,2
ובהתאם,1
ובוא,1
ובודקים,1
ובוודאות,1
ובוחרים,1
ובזה,1
ובזכותי,1
ובזמן,1
ובחווית,1
ובחיבוק,1
ובחיוך,1
ובחנויות,1
ובט,1
ובטוח,2
ובטוחה,2
וביחד,1
ובין,2
וביקשה,1
וביקשתי,1
ובישראל,1
ובכבוד,1
ובכוחנות,1
ובכל,2
ובכלל,1
ובלי,3
ובמקביל,1
ובמשפט,1
ובנוסף,2
ובעוד,1
ובעיה,1
ובעיות,1
ובעיקר,2
ובעל,1
ובעצמו,2
ובפרט,2
ובצירוף,1
ובצעו,1
ובצפון,1
ובקושי,1
ובקליטה,1
וברגע,1
וברוב,1
וברור,2
וברשות,1
ובשאר,2
ובתכלס,1
ובתמלול,1
וגם,28
וגנר,4
ודבר,2
ודגם,1
והאזעקות,1
והביטחון,1
והבנה,4
והבנקים,1
והגדרת,1
והגדרתם,1
והדליית,1
והדעות,1
והדרכה,1
וההגדרה,1
וההנהלה,1
וההתכתבות,1
וההתנהלות,1
והוא,1
והודעות,2
והוחלט,1
והוציאו,1
והחזקה,1
והחטופים,1
והחירשים,1
והחישובים,1
והחפירות,1
והחשוב,1
והטעויות,1
והיא,5
והיגע,1
והיה,1
והיו,2
והיוזמה,1
והיות,1
והייתם,1
והיכן,1
והיתרונות,1
והכי,1
והלחץ,1
והם,4
והמחדלים,1
והמחירים,1
והמידע,1
והמכשיר,1
והמלצה,1
והמלצות,1
והמתנדבים,1
והן,2
והנכם,2
והנרצחים,1
והסירה,1
והעבירו,1
והעידוד,1
והעיניים,1
והעיקר,2
והעיריות,1
והעלות,1
והעמקים,1
והעצבים,1
והפיצו,2
והפניה,1
והפתרון,1
והצמידים,1
והצפירה,1
והקליטה,1
והרווחה,1
והרי,1
והשאירו,2
והשאלות,1
והשהיה,1
והשטויות,1
והשיחות,1
והשיתוף,1
והשעון,2
והשרות,1
והתגובות,1
והתיאורים,1
והתלונות,1
והתמימות,1
והתנהלות,1
והתנסות,1
והתפעול,1
והתקלקל,1
וואו,2
וואוו,1
וואטסאפ,8
וואטספ,2
וואי,1
וואלה,3
וואסטאפ,1
וואסטפ,1
וואצאפ,2
וובר,1
ווטסאפ,9
ווטצאפ,1
וויכוחים,2
וזה,26
וזהו,4
וזו,2
וזול,1
וזכאויות,1
וזקוקים,1
וחבל,2
וחברים,3
וחוסר,2
וחזק,1
וחזרה,1
וחיבור,1
וחיי,1
וחיסרון,1
וחירש,1
וחירשים,4
וחלופה,1
וחלילה,1
וחלק,6
וחס,1
וחסוי,2
וחצי,4
וחרשים,5
וחשבונית,1
וחשוב,3
וטוב,5
וטובים,1
וטועים,1
וטעייה,1
וטרם,1
וידאו,4
וידע,1
ויוכלו,1
ויום,2
ויוצרים,1
ויזדכה,1
ויחליפו,1
וייבחנו,1
ויכוח,2
ויכוחים,1
ויכול,1
ויכולות,1
ויכולים,1
ויכתוב,1
וילווה,1
וימים,1
ויסדרו,1
ויסייע,1
ויסתפקו,1
ויעדכן,1
ויעדכנו,1
ויעיל,1
ויצרן,1
ויקירי,1
ויקנה,1
וירטואלי,1
ויש,13
וישמעו,1
ויתריעו,1
וכ,2
וכאן,1
וכבדי,13
וכבר,2
וכדבריך,1
וכדו,1
וכדומה,8
וכו,7
וכוכביות,1
וכיבדתי,1
וכיול,1
וכך,4
וכל,15
וכמה,3
וכמובן,4
וכן,3
וכעת,2
וכשיהיה,1
וכתוצאה,1
ולא,50
ולאחר,3
ולאנשים,1
ולאשר,1
ולבוא,1
ולבחור,1
ולבכות,1
ולבקש,3
ולברר,1
ולגלול,1
ולגלות,1
ולדייק,1
ולדעת,1
ולדעתי,2
ולה,1
ולהאזין,1
ולהביא,1
ולהבין,3
ולהגדיר,3
ולהגיד,1
ולהזדכות,1
ולהחזיק,1
ולהחמרה,1
ולהיות,4
ולהיפך,1
ולהסתפק,1
ולהעביר,1
ולהפיץ,1
ולהפעיל,1
ולהצטייד,1
ולהציע,1
ולהרגיש,1
ולהתאים,1
ולהתדיין,1
ולהתחשב,1
ולהתלונן,1
ולהתמודדות,1
ולהתנהל,1
ולהתנסות,1
ולהתנתק,1
ולהתעקש,2
ולהתקשר,1
ולוודא,1
ולומר,1
ולזכור,1
ולחכות,1
ולחלוטין,1
ולחשוב,1
ולחתום,1
ולך,2
ולכולם,2
ולכן,4
ולמי,1
ולמסור,1
ולמתן,1
ולנו,1
ולנצל,1
ולסמן,1
ולעבור,1
ולעיתים,1
ולעשות,1
ולעשייה,1
ולפי,2
ולפני,1
ולפעמים,1
ולפתח,2
ולצערי,2
ולקבל,5
ולקחו,1
ולקנות,1
ולשגע,1
ולשכנע,1
ולשלוח,1
ולשמור,1
ולשנות,1
ומאז,3
ומבינים,1
ומבקשים,1
ומגדל,1
ומגוונים,1
ומגיע,1
ומגיעות,1
ומגיעים,1
ומה,9
ומהבב,1
ומהיר,1
ומהירות,2
ומהמושלם,1
ומהצפון,1
ומוגבלות,1
ומוות,1
ומוזמנות,1
ומול,2
ומוסיף,1
ומוערכת,1
ומוצלח,1
ומוקדי,4
ומוקפצים,1
ומזרח,1
ומחוברים,1
ומחזקת,1
ומחכים,1
ומחפשים,1
ומטומטמים,1
ומטפלים,1
ומי,2
ומיח,1
ומיחא,1
ומילה,1
ומים,1
ומכבד,1
ומכין,1
ומכיר,1
ומכשירי,1
וממושך,1
וממש,3
וממשיך,1
ומנויים,1
ומנסה,1
ומנסים,1
ומסודר,1
ומספר,1
ומסר,1
ומעבר,1
ומעלה,3
ומענה,1
ומעצר,1
ומערומיו,1
ומפסיקים,1
ומפרסם,1
ומצד,1
ומצדיעה,1
ומקבל,2
ומקבלים,2
ומקווה,1
ומקומות,1
ומראש,1
ומרוצה,1
ומשדרת,1
ומשווק,1
ומשלמת,1
ומשם,2
ומשניה,1
ומשפר,1
ומשפרים,1
ומתאים,1
ומתברר,1
ומתורגם,1
ומתי,1
ומתמיד,1
ומתנדבות,1
ומתנתקים,1
ומתפקד,1
ומתקשה,1
ומתקשים,1
ומתרגלים,1
ומתריע,1
ונגדה,1
ונגיש,1
ונדרש,1
ונהיה,1
ונוח,1
ונושאים,1
ונחזור,4
וניישר,1
וניכנס,1
וניסה,2
וניצור,1
ונכנס,1
ונכנסות,1
ונעמה,1
ונערכים,1
ונעשתה,1
ונצליח,1
ונשארים,1
וסבלנות,1
וסיסמה,1
וסיפרתי,1
וסלאמתק,1
וספק,3
ועברו,1
ועד,6
ועדה,1
ועדיין,2
ועדין,1
ועדיף,3
ועדכון,1
ועדכנו,1
ועו,1
ועובדים,1
ועוד,9
ועוזרת,1
ועורכת,1
ועושה,2
ועזרה,1
ועידה,1
ועידו,2
ועידוד,1
ועייפים,1
ועיקרי,1
ועכשיו,1
ועל,4
ועליי,1
ועם,4
ועפולה,1
ופה,2
ופונים,1
ופועלים,1
ופיצה,1
ופיקדונות,1
ופיקוד,1
ופלאפון,1
ופמפם,1
ופנה,1
ופנסיונרים,1
ופעיל,1
ופעם,1
ופקע,1
ופקער,1
ופרסומות,1
ופשוט,2
ופתוח,1
וצבע,2
וציינתי,1
וצילום,1
וצלילות,1
וצלצולים,1
וצמוד,1
וצריך,2
וצריכים,4
וצרכיך,1
וקובעים,1
וקופח,1
וקיבלתי,3
וקיבלתם,1
וקללות,1
וקצר,2
וראויה,1
ורגועה,2
ורגישויות,1
ורגישים,1
ורוטט,2
ורוטציה,1
ורטהיימר,1
וריביות,1
וריכוז,1
ורפואה,1
ורצוי,1
ורק,4
ורשמיים,1
ושאלות,1
ושאנו,1
ושאני,1
ושאר,1
ושבוע,1
ושבת,1
ושוב,9
ושום,1
ושומע,1
ושומעים,1
ושזה,1
ושיחות,1
ושיימינג,1
ושילמתי,1
ושירה,1
ושירת,1
ושיש,2
ושישי,1
ושכל,1
ושל,1
ושמים,1
ושמנסים,1
ושנדע,1
ושנית,1
ושעון,1
ושעונים,1
ושקט,4
ושתי,1
ותאמרו,1
ותבדקי,1
ותבחרו,1
ותגשי,1
ותדירות,1
ותדליקי,1
ותהיו,1
ותוכניות,1
ותושבות,1
ותושבים,1
ותחומים,1
ותחושת,1
ותחיה,1
ותחפשי,1
ותירצו,1
ותלוי,1
ותלכי,1
ותמלול,3
ותנצל,1
ותסכול,1
ותעבירי,1
ותפח,1
ותקבלו,4
ותקווה,1
ותרגעי,1
ותרמה,1
ותשובות,1
ותתנצלי,1
זאת,27
זבל,1
זה,336
זהב,1
זהה,1
זהו,7
זו,43
זוג,1
זוועה,1
זוכר,3
זוכרת,3
זול,2
זולה,1
זום,2
זוסמן,2
זועקים,1
זיכוי,1
זיכרון,2
זיכרם,1
זינו,1
זכאות,2
זכאי,1
זכאים,3
זכאית,1
זכויות,5
זכות,4
זכותכם,1
זכינו,1
זכר,1
זכרון,2
זכרוני,1
זכתה,1
זלזול,1
זמינים,2
זמן,13
זמנים,1
זמנית,1
זקוק,6
זקוקה,1
זקוקים,5
זר,1
זרע,1
חבילה,2
חבילות,2
חבילת,1
חבל,10
חבר,3
חברה,9
חברות,2
חברי,3
חבריא,1
חברים,6
חברת,4
חברתי,2
חברתיות,1
חברתיים,1
חד,6
חדיש,1
חדר,1
חדש,10
חדשה,2
חדשות,5
חהעלות,1
חוב,2
חובה,3
חובת,1
חודרניות,1
חודש,7
חודשי,1
חודשיים,2
חודשים,7
חווים,1
חוות,1
חולון,3
חולים,10
חולק,1
חום,1
חוסך,1
חוסכים,1
חוסר,3
חוף,1
חופשי,1
חוץ,3
חוצפה,1
חוק,6
חוקי,2
חוקים,1
חוקתי,1
חורף,1
חוש,1
חושב,7
חושבים,1
חושבת,5
חוששתני,1
חזיוב,1
חזק,11
חזר,1
חזרה,1
חחח,1
חטפו,1
חי,2
חיבור,11
חידוש,1
חיה,1
חיוג,1
חיוך,2
חיון,1
חיזבללה,1
חייב,1
חייבים,5
חייבת,2
חייגו,4
חייגתי,1
חייכם,1
חיילים,1
חיים,8
חילוץ,1
חילקו,6
חינם,3
חינמי,1
חיפה,4
חיצוני,1
חירום,9
חירש,7
חירשים,22
חירשת,3
חכם,34
חכמה,4
חכמים,19
חלה,2
חלופות,1
חלוקה,3
חלוקות,1
חלוקת,12
חלות,1
חלילה,2
חליפיים,1
חלק,12
חלקו,1
חלקינו,1
חלקית,1
חלקכם,1
חלקנו,1
חלש,11
חם,1
חמד,3
חמדנים,1
חמור,3
חמים,1
חן,2
חנויות,2
חנות,1
חניה,2
חסכונות,1
חסר,2
חסרי,2
חפירות,1
חץ,1
חצופים,1
חצי,5
חקיקה,1
חקירה,1
חקלאים,1
חרבות,2
חרדה,1
חרום,1
חרטוטים,1
חריג,1
חריף,1
חרש,1
חרשים,11
חשב,1
חשבון,5
חשבוניות,1
חשבתם,1
חשוב,14
חשובה,4
חשובות,2
חשובים,1
חשיבות,2
חשמל,3
טבעון,2
טבעי,1
טבעת,1
טגףכנית,1
טוב,66
טובה,16
טובות,2
טובים,4
טון,1
טועה,4
טוען,1
טופלה,1
טופס,2
טורחים,1
טי,1
טיבו,1
טיוי,4
טיל,1
טילים,5
טיפ,1
טיפול,2
טיפים,2
טיפלו,1
טיפלתי,1
טכנאי,1
טכנולוגי,1
טכנולוגיה,1
טכנולוגיים,1
טכנולוגית,1
טכנופוביים,1
טכני,1
טכניים,2
טכנית,3
טל,2
טלויזיה,2
טלפון,19
טלפוני,2
טלפוניות,1
טלפונית,3
טלקום,2
טננבאום,1
טעויות,1
טעון,1
טעינה,1
טעיתי,1
טענות,1
טקס,1
טקסט,1
טקסי,2
טרדיס,1
טרודים,1
טרור,2
טרם,2
יא,1
יאללה,4
יבואן,1
יבחר,4
יבין,2
יגבה,1
יגדיר,1
יגיד,3
יגידו,1
יגיע,2
יגיעו,1
יד,3
ידברו,1
ידובר,1
ידונו,1
ידוע,10
ידי,8
ידידה,1
ידיעה,1
ידיעתי,1
ידך,1
ידע,2
ידעתי,1
ידריכו,1
יהוד,4
יהודה,1
יהונתן,1
יהי,1
יהיה,17
יהיו,7
יהרגו,1
יו,1
יובל,6
יודע,15
יודעים,8
יודעת,6
יוותרו,1
יוזמה,5
יוחזרו,1
יוכל,1
יוכלו,3
יום,16
יומי,1
יומיים,1
יוסיף,1
יוסף,1
יועצי,1
יופי,1
יוצא,1
יוצאות,1
יוצר,2
יוקרתי,1
יורדות,1
יורה,1
יורי,7
יושבים,1
יותר,53
יזיק,1
יזרעאל,3
יחד,7
יחולקו,1
יחזקאל,4
יחיד,1
יחיה,1
יחכה,1
יחמיר,1
יחסי,2
יחסית,4
יחפרו,1
יחקור,1
ייאוש,1
ייגמר,1
יידוע,1
יידלק,1
ייהרס,1
ייחודית,1
יינתן,1
ייצא,2
יירבו,1
יירגעו,1
יישאר,1
יישומון,1
יישומים,1
יישלח,1
יישמו,1
יישר,1
ייתכן,2
יכול,26
יכולה,9
יכולות,1
יכולים,9
יכולת,2
יכלו,1
יכלתי,1
יכשל,1
יכתוב,1
ילד,1
ילדים,2
ילחיץ,1
ים,1
ימי,1
ימים,4
ימימה,1
ימית,1
ימליץ,2
ימצא,1
ימשיכו,1
ינגיש,1
יניב,1
יניבו,1
יס,3
יסביר,1
יסכימו,1
יסמין,5
יסמכו,1
יסתדרו,1
יעבדו,2
יעבוד,4
יעזור,5
יעזרו,1
יעיל,7
יעילה,3
יעל,4
יעלה,1
יעלוב,1
יעלי,1
יען,1
יענו,1
יעניין,1
יעקב,5
יעשה,7
יפה,6
יפו,2
יפורסם,1
יפעיל,1
יפעל,1
יפעת,2
יפת,3
יפתחו,1
יצא,3
יצאתי,1
יציאת,1
יצירת,2
יצלצל,4
יצרתי,1
יקבל,2
יקום,1
יקח,2
יקירותי,1
יקנו,1
יקנעם,2
יקפיץ,2
יקצה,1
יקר,5
יקרה,3
יקרים,2
ירבו,1
ירד,1
ירוקות,1
ירושלים,2
ירטוט,2
ירי,2
ירידה,1
ירכשו,2
ירצה,1
יש,210
ישוב,1
ישי,2
ישיר,4
ישירות,5
ישלח,2
ישמע,2
ישמעו,1
ישמשו,2
ישן,1
ישנה,1
ישנו,1
ישנים,1
ישנן,1
ישר,2
ישראכרט,1
ישראל,10
ישראלים,1
ישתין,1
ישתמש,2
ישתמשו,2
יתאים,1
יתאפשר,1
יתבלבלו,1
יתברר,1
יתחיל,1
יתחילו,1
יתמשקו,1
יתן,1
יתנו,1
יתעייפו,1
יתעלם,1
יתקיים,1
יתריע,1
יתרת,1
כאחד,1
כאילו,4
כאירגון,1
כאיש,4
כאלה,8
כאלו,3
כאמצעי,1
כאן,37
כאשר,4
כבד,2
כבדי,12
כבדת,1
כבוד,1
כבלים,2
כבעל,1
כבר,38
כגון,2
כגוף,1
כדאי,14
כדי,35
כה,1
כהן,1
כהתראה,3
כהתרעה,1
כו,6
כוונה,1
כוונתך,1
כוונתם,1
כוח,4
כוחות,4
כוחים,1
כולה,1
כולו,1
כולי,1
כולל,13
כולם,17
כולנו,7
כומתה,10
כומתנה,1
כושל,1
כושלת,1
כושר,3
כותב,3
כותבים,2
כותבת,3
כותרות,1
כזאת,3
כזה,11
כזו,7
כזכאי,1
כחירש,1
כחלק,1
כטוב,1
כי,61
כיוון,1
כיום,3
כינוי,1
כיפת,2
כיצד,3
כיתבו,2
כיתוביות,12
כיתות,1
כך,36
ככ,1
ככבד,1
ככבדת,1
ככה,13
ככזה,1
ככל,3
כל,149
כלא,2
כלול,2
כלום,11
כלומר,5
כלכך,1
כלכלי,3
כלכלית,1
כלל,3
כללי,4
כלליות,1
כללית,3
כלנית,1
כלפי,1
כלקוות,1
כלקויי,2
כלשהו,1
כלשהי,1
כמדומני,1
כמה,33
כמו,36
כמובן,1
כמוהו,1
כמוך,1
כמוכם,2
כמוני,2
כמות,5
כמיליון,1
כמנהלות,1
כמנהלת,3
כמעט,4
כמשהו,1
כן,47
כנ,1
כנגד,1
כנים,1
כניסת,1
כנל,2
כנסו,2
כנסת,1
כנראה,10
כסף,4
כספי,2
כספית,4
כעת,8
כפוגעניות,1
כפויי,1
כפי,7
כפר,3
כפתור,1
כראות,1
כרגע,8
כרית,14
כרצונו,1
כרצועה,1
כשאומרים,1
כשאין,1
כשאני,1
כשאר,1
כשהגדרתי,1
כשהכוונות,1
כשהם,1
כשהתחילו,1
כשזה,4
כשחויג,1
כשיהיה,1
כשיצירת,1
כשיש,8
כשישנים,1
כשכל,1
כשלה,2
כשלוש,1
כשלעצמי,1
כשמגיעים,1
כשמסתובבים,1
כשמעירים,1
כשמתקשרים,1
כשנכנסים,1
כשעה,1
כשצריך,2
כשר,1
כשתהיה,1
כתב,5
כתבה,3
כתבי,1
כתבת,1
כתבתי,6
כתבתם,1
כתוב,9
כתובה,1
כתובות,1
כתוביות,16
כתיב,2
כתפיכם,1
לresound,1
לא,492
לאבטחת,1
לאביזר,1
לאביזרים,1
לאגף,2
לאדם,1
לאוכל,1
לאוכלוסיית,1
לאומי,4
לאור,6
לאורך,1
לאות,1
לאותה,1
לאותו,2
לאזכרה,1
לאזעקות,3
לאח,2
לאחא,1
לאחותי,1
לאחי,1
לאחר,5
לאחרונה,2
לאחרים,1
לאט,1
לאיבוד,1
לאיזה,1
לאיזו,1
לאייל,1
לאייפון,10
לאיכות,2
לאין,1
לאישור,1
לאלפיקציה,1
לאנשים,10
לאסוף,1
לאספקת,1
לאף,3
לאפליקציה,2
לאפליקציות,1
לאפלקצייה,1
לאפשר,2
לארבע,1
לארגן,1
לאתר,3
לאתראה,1
לב,8
לבב,1
לבד,2
לבדוק,6
לבדיקת,1
לבזבז,1
לבחור,8
לבחירה,1
לבטיחות,2
לבטל,1
לביטוח,1
לבין,2
לבירור,1
לבלבול,2
לבלבל,3
לבן,1
לבנון,1
לבנק,5
לבעיות,1
לבעלי,1
לבצע,4
לבקר,2
לבקש,7
לבקשות,1
לברר,4
לבתי,2
לגבול,1
לגבי,16
לגוף,2
לגורמי,1
לגיטימיות,1
לגיל,1
לגלול,2
לגלות,2
לגמרי,4
לגרום,4
לגרור,1
לגרסה,1
לגשר,1
לגשת,1
לדאוג,2
לדבר,8
לדברי,2
לדבריך,1
לדברים,2
לדגם,2
לדוגמה,2
לדוד,1
לדווח,2
לדחוף,1
לדיאלוג,1
לדיון,2
לדייק,1
לדימוי,1
לדעת,16
לדעתי,10
לדף,1
לדפדף,1
לדקת,1
לדרבן,1
לה,21
להאריך,1
להאשים,1
להבא,1
להביא,1
להבין,10
להביע,1
להבנה,1
להבנת,2
להבנתי,1
להגדיר,14
להגדרת,1
להגיב,4
להגיד,9
להגיע,8
להגיש,2
להגשת,1
להדריך,1
להודיע,1
להודעה,1
להוט,1
להומור,1
להוסיך,1
להוסיף,5
להופיע,1
להוציא,1
להוריד,2
להורים,2
להזדהות,2
להזמנת,1
להחזיר,1
להחזר,6
להחליט,3
להחליף,6
להחרגת,1
להחריג,2
להיאבק,1
להיבדק,1
להיום,1
להיות,30
להיכנס,3
להינחם,1
להיעזר,2
להישאר,1
להכוונה,1
להכיר,1
להכניס,1
להכנס,3
להם,25
להמליץ,3
להמלצה,2
להמלצות,2
להמשיך,6
להמשך,1
להמתין,1
להן,1
להנגיש,1
להנגשה,1
להסביר,5
להסיק,1
להסכים,1
להסכמות,1
להספיק,1
להסרה,1
להסתבך,1
להסתובב,2
להסתכל,1
להסתמך,4
להסתנכרן,1
להסתפק,1
להעביר,5
להעדיף,1
להעזר,1
להעיר,1
להעלות,3
להעמיס,1
להעתיק,1
להפגין,1
להפחיד,1
להפיץ,3
להפנות,1
להפסיד,3
להפסיק,1
להפסקת,1
להפעיל,5
להפצה,1
להפריע,1
להצביע,1
להצטרף,4
להצטרפות,5
להציל,2
להציע,2
להציף,1
להצלחתו,1
להצעות,1
להצעתו,1
להקיש,1
להקל,1
להקליד,2
להקשיב,1
להראות,1
להרגיש,2
להרגע,3
להרווחה,1
להרחיב,1
להרים,1
להשאיר,1
להשוות,2
להשיג,6
להשמיץ,1
להשקיע,3
להשתיק,1
להשתלט,1
להשתמש,9
להשתנות,1
להשתתף,1
להתאים,4
להתבייש,1
להתגבר,1
להתגייס,1
להתווכח,3
להתחבר,4
להתייחס,1
להתלונן,1
להתמודד,1
להתממשק,3
להתמקד,1
להתמקח,1
להתנהלות,1
להתנסח,1
להתסיס,1
להתקדם,1
להתקין,3
להתקנתה,1
להתקשר,3
להתראה,1
להתראות,11
להתריע,2
לו,35
לוד,1
לוואטסאפ,1
לוועדה,1
לוועדת,2
לוותר,1
לומדים,1
לומר,3
לוק,1
לוקה,2
לוקח,1
לוקחות,2
לוקחים,1
לוקחת,1
לזה,18
לזהות,2
לזוועות,1
לזום,2
לזכאים,1
לזכויות,1
לזכור,2
לזכר,1
לזכרםשל,1
לזמן,1
לזרוע,1
לחבר,3
לחברות,1
לחברי,2
לחברים,1
לחדד,1
לחדול,1
לחדש,1
לחודש,2
לחוסר,2
לחזור,1
לחזק,1
לחיבור,2
לחיוב,1
לחיות,1
לחייך,1
לחילופין,2
לחילוץ,2
לחיצה,1
לחירשים,7
לחכות,1
לחלוטין,1
לחלוק,1
לחלוקה,5
לחלות,1
לחלק,3
לחלקנו,1
לחנות,2
לחסד,1
לחסכון,1
לחפש,3
לחץ,2
לחצים,1
לחצן,1
לחצתי,1
לחקלאות,1
לחרשים,2
לחשבון,1
לחשוב,1
לטוב,1
לטובת,3
לטילים,1
לטיפול,1
לטלפון,4
לטעון,1
לטעינה,2
לטעמי,1
לטענות,1
לטפל,3
לי,109
ליאת,3
ליבו,1
ליבואן,2
ליד,6
לידו,1
לידיעת,1
לידיעתך,1
ליהונתן,1
ליהי,10
ליווי,1
ליום,1
ליידע,1
לייצור,1
לייצר,1
ליכולת,1
לילד,2
לילדים,1
לילה,3
לימים,2
לינק,4
ליעקב,1
ליעקוב,1
ליצור,3
ליקוי,1
ליקויית,1
לירות,1
לירית,5
לישון,6
לך,37
לכאורה,1
לכאן,3
לכבדי,5
לכבות,3
לכו,3
לכוון,1
לכוחה,1
לכולם,16
לכולנו,3
לכומתה,3
לכזה,2
לכיוון,1
לכיסא,1
לכך,4
לכל,23
לכלל,1
לכם,14
לכמה,2
לכמות,2
לכמעט,1
לכן,9
לכעוס,1
לכרגע,1
לכרית,1
לכשיתאפשר,1
לכת,1
לכתוב,7
לכתוביות,1
ללא,20
ללחוץ,2
ללינק,2
ללכת,1
ללקוי,1
ללקויי,2
ללקחת,1
ללשכות,1
למארוול,1
למבוגרים,1
למגוון,1
למגוחך,1
למדינה,1
למה,20
למודעות,1
למועדון,1
למועצה,1
למוצר,1
למוצרים,1
למוקד,1
למזכירות,3
למחבלים,1
למחוק,2
למחלקות,1
למחלקת,1
למחר,1
למטה,4
למטרה,1
למטרות,1
למטרת,1
למי,39
למידע,4
למיטב,2
למייל,2
למילה,1
למיניהם,3
למיקום,6
למישהו,5
למכבי,3
למכור,4
למכלול,1
למכשירי,1
למלא,2
למלאי,1
למלחמה,1
לממ,2
לממד,1
לממיר,1
לממן,1
לממש,1
למנהל,1
למנהלת,1
למנוי,1
למנויים,1
למנוע,1
למסור,1
למסירה,1
למסמך,1
למספר,10
למעט,1
למעלה,2
למען,4
למענה,2
למעננו,1
למערך,1
למפגש,1
למצב,5
למצוא,2
למקבל,1
למקום,2
למקור,1
למקרה,1
למקרים,1
למרות,4
למרחב,2
למרכז,1
למשהו,4
למשוכלל,1
למשטרה,1
למשיבים,1
למשל,12
למשפחה,1
למשרד,14
למשתמשי,2
לנגישות,1
לנהוג,1
לנהל,1
לנו,21
לנוסח,1
לנוע,1
לנושא,4
לנייד,7
לנכון,1
לנכים,1
לנסות,8
לנסיעה,1
לנצל,4
לנקודות,1
לנשאל,1
לנשום,1
לנשמה,1
לנשק,1
לסביבה,1
לסגור,3
לסדר,1
לסוג,1
לסיוע,6
לסייג,1
לסייע,2
לסינון,1
לסך,1
לסכום,1
לסל,4
לסמארטפונים,1
לסמוך,6
לסמסונג,1
לספור,1
לספיר,1
לספק,2
לספר,1
לסקר,2
לעבוד,4
לעבודה,3
לעבור,5
לעבר,1
לעגני,1
לעדיפו,1
לעדכון,1
לעדכן,3
לעו,3
לעובדת,1
לעוד,3
לעודד,2
לעוטף,1
לעולם,1
לעומת,3
לעורך,1
לעזאזל,1
לעזוב,1
לעזור,11
לעזרה,3
לעזרת,1
לעידו,3
לעיוור,4
לעיל,1
לעיר,1
לעירי,1
לעיריה,5
לעירייה,2
לעיתים,6
לעכשיו,2
לעלות,4
לעמוד,4
לעמותה,1
לעמותות,1
לענוד,1
לענות,3
לעניות,2
לעניין,1
לענין,1
לעצור,2
לעצמו,2
לעצמם,2
לעצתכם,1
לעקוב,4
לערבב,1
לערוצים,2
לערך,1
לעשות,27
לעשייה,1
לעת,1
לפגוע,1
לפה,3
לפון,1
לפוסטים,1
לפועל,4
לפחות,5
לפי,24
לפיו,1
לפינה,1
לפיקוד,4
לפיקוח,1
לפלא,1
לפלאפון,5
לפלאפונים,2
לפלסטינים,1
לפנות,20
לפני,26
לפניות,1
לפספס,2
לפעול,2
לפעם,1
לפעמים,4
לפקע,1
לפרגן,1
לפרטים,2
לפרסומות,1
לפרסם,1
לפשוט,1
לפשל,1
לפתוח,1
לפתח,3
לצאת,3
לצבא,1
לצד,1
לצורך,6
לצורכי,1
לציבור,2
לציון,5
לציין,6
לצלם,1
לצלצול,1
לצלצל,1
לצערי,9
לצערנו,1
לצפות,1
לצפייה,1
לצרכי,1
לצרכים,1
לצרכן,2
לצרף,1
לקבוע,3
לקבוצה,30
לקבוצות,1
לקבוצת,2
לקביעת,1
לקבל,37
לקבלת,2
לקדם,6
לקהילה,1
לקהילת,2
לקוי,9
לקויי,5
לקויית,1
לקופ,1
לקות,9
לקחת,3
לקטיף,1
לקטנות,1
לקידום,1
לקיים,1
לקיפוח,1
לקישור,1
לקלל,2
לקנות,16
לקצה,1
לקראת,1
לקרוא,5
לקרות,1
לקריות,1
לקשקש,1
לראות,5
לראש,1
לראשון,1
לרדת,2
לרוב,4
לרוטטות,1
לרוטציה,1
לרוץ,1
לרזולציות,1
לרטט,1
לריב,1
לרכוש,9
לרכישת,1
לרסיבר,1
לרעהו,1
לרעיון,1
לרענן,1
לרשויות,2
לרשום,3
לרשות,5
לרשימה,2
לרשימות,1
לרשימת,1
לשאול,3
לשאלה,3
לשאלות,3
לשאת,1
לשבועיים,1
לשבט,1
לשבת,2
לשדרג,2
לשוחח,1
לשומעים,1
לשומרי,2
לשון,1
לשחרר,1
לשיחה,2
לשיחות,3
לשילוב,1
לשים,7
לשימוש,4
לשיפור,6
לשירות,2
לשירותים,1
לשכוח,1
לשלוח,11
לשלול,2
לשלומך,1
לשלי,1
לשלם,4
לשם,2
לשמוח,1
לשמוע,14
לשמור,2
לשמים,1
לשנה,1
לשנות,9
לשני,1
לשנייה,1
לשעבר,2
לשעון,9
לשעונים,3
לשעות,2
לשפוט,3
לשפת,6
לשרות,1
לשרותי,1
לשרת,1
לשתף,2
לתא,1
לתגובה,1
לתוך,1
לתוכנית,1
לתועלת,1
לתוקף,1
לתושבי,5
לתושבים,4
לתזכורת,1
לתל,1
לתלות,1
לתלמידים,1
לתמלול,1
לתעד,1
לתעל,1
לתפעל,1
לתקופה,2
לתקלות,2
לתקן,2
לתקשורת,2
לתרגם,1
לתרום,1
לתשובה,1
לתת,5
םה,1
םעמי,1
מאד,19
מאובטח,1
מאוד,32
מאוחדים,1
מאוחר,4
מאומת,1
מאופס,1
מאושר,1
מאות,1
מאותו,2
מאז,8
מאזור,2
מאזורי,3
מאזין,1
מאזרחים,1
מאח,1
מאחא,1
מאחד,1
מאחלים,2
מאחר,4
מאיזה,2
מאילת,1
מאיפה,6
מאיר,1
מאיתנו,1
מאלה,1
מאליה,1
מאליו,1
מאמאזון,1
מאמין,1
מאמינה,2
מאמץ,2
מאמצים,1
מאנדרואיד,1
מאנשים,1
מאפליקציית,1
מאפשר,1
מאקטיב,1
מארגון,1
מארוול,1
מאשר,4
מאשרת,1
מאת,1
מאתנו,1
מאתר,1
מבוגרים,3
מבוגרת,2
מבודד,1
מבוסס,1
מבוססי,1
מבוססים,1
מבוססת,1
מבורך,3
מבחוץ,1
מבחינה,1
מבחינת,4
מבחינתי,2
מבחינתם,1
מבחר,4
מבטאים,1
מבטיחה,1
מביא,1
מביאים,1
מבין,6
מבינה,7
מבינים,4
מבלבל,1
מבלבלים,1
מבלי,2
מבני,1
מבסוט,1
מבססת,1
מבצעים,1
מבקש,4
מבררים,1
מבררת,1
מגברי,1
מגדיר,1
מגדירה,1
מגדירים,6
מגדל,1
מגוריו,1
מגורייך,2
מגוריך,1
מגורים,4
מגזרים,1
מגיבה,1
מגיבים,1
מגיע,2
מגיעים,1
מגישה,1
מגישים,2
מגניב,1
מדבקה,1
מדבר,5
מדברים,1
מדברת,1
מדגם,1
מדגמי,1
מדהים,2
מדהימה,1
מדהימים,1
מדובר,6
מדוייק,2
מדויקות,1
מדוע,3
מדטכניק,1
מדי,2
מדיוקים,1
מדינה,4
מדינות,1
מדיניות,2
מדינת,1
מדיק,1
מדלג,1
מדלגות,1
מדמי,1
מדנט,1
מדרום,1
מדריך,2
מה,159
מהאופוזיציה,1
מהאזעקה,1
מהאיזורים,1
מהאפליקציה,1
מהאפליקציות,1
מהאקטיב,1
מהבהב,1
מהבהבת,1
מהבוקר,1
מהבט,1
מהגבול,1
מהגדרה,1
מהגישה,1
מהדובר,1
מהדרום,1
מההדף,1
מההודעה,1
מהוצאה,2
מהחברה,2
מהטלויזיה,1
מהטלפון,2
מהי,1
מהיום,2
מהיות,1
מהיכן,1
מהיר,3
מהירה,3
מהירויות,1
מהירים,1
מהכללית,1
מהלב,8
מהם,3
מהמאנייקים,1
מהמזרח,1
מהמחיר,1
מהמידע,1
מהמכשיר,1
מהמם,2
מהמערכת,1
מהמצב,1
מהמקרים,1
מהמשפחה,1
מהמשתמשים,1
מהן,2
מהנושא,1
מהנציגה,1
מהסביבה,2
מהסוג,3
מהעירייה,1
מהערים,1
מהצהריים,1
מהצפון,1
מהקואליציה,1
מהר,5
מהראש,4
מהרגע,1
מהרטט,1
מהרשימה,1
מהשמות,1
מהשעון,1
מהתושבים,1
מהתחום,1
מובהק,1
מובן,3
מובנה,1
מובנות,1
מובנת,1
מוגבל,4
מוגבלויות,6
מוגבלות,15
מוגבלותך,1
מוגבלת,2
מוגברת,1
מוגדות,1
מוגדר,1
מוגן,1
מוגנת,1
מודה,1
מודיעין,1
מודע,1
מודעות,3
מודעים,5
מודעת,1
מוזמן,3
מוזמנים,3
מוזמנת,2
מוזן,1
מוזר,5
מוחלט,1
מוחקת,1
מוכן,1
מוכנות,1
מוכנים,1
מוכר,2
מוכרים,4
מול,23
מולי,1
מומחה,1
מומחים,1
מומלץ,3
מומלצת,1
מונגש,4
מונגשת,1
מונח,1
מונחות,1
מונית,1
מונמכים,1
מונסון,1
מוסיף,1
מוסכמת,1
מוסר,2
מועדון,7
מועדי,2
מועיל,2
מועצה,2
מופיע,1
מוצאים,2
מוצאת,1
מוצפנות,1
מוצר,5
מוצרים,1
מוקד,5
מוקדי,1
מוקדים,1
מורידים,1
מורכבות,1
מורן,2
מושבת,1
מושג,3
מושלם,6
מושלמת,4
מושתלים,1
מותאם,1
מותאמות,1
מותר,3
מזאומרת,2
מזדהים,2
מזה,9
מזוהה,1
מזון,2
מזייף,1
מזיק,1
מזכיר,1
מזלזלת,1
מזלנו,1
מזמינה,1
מזמן,2
מזעזע,1
מזעזעים,1
מזעזעת,1
מזרח,2
מח,1
מחברי,1
מחברת,3
מחדל,1
מחדש,3
מחו,1
מחובר,4
מחוברים,2
מחוברת,1
מחובת,1
מחובתו,1
מחוץ,1
מחזיק,1
מחזירה,2
מחזקת,1
מחייב,3
מחייגים,1
מחיר,9
מחירי,1
מחירים,3
מחכה,1
מחכות,1
מחכים,1
מחליטה,1
מחליפה,1
מחלק,1
מחלקות,4
מחלקים,10
מחלקת,7
מחמיר,2
מחנות,1
מחנכי,1
מחסור,1
מחפיר,1
מחפירה,1
מחפש,4
מחפשים,1
מחפשת,1
מחקתי,1
מחר,9
מחריד,1
מחשב,2
מחשבים,1
מטבעו,1
מטולה,1
מטופל,2
מטורף,1
מטורפים,1
מטח,1
מטעה,1
מטעם,4
מטעמי,2
מטענה,1
מטפל,1
מטפלים,4
מטפלת,5
מטרה,2
מי,79
מיד,1
מידע,18
מיוחד,2
מיוחדים,2
מיוחדת,1
מיום,2
מיועד,2
מיועדים,3
מיועדת,1
מיותר,4
מיזם,2
מיחא,2
מיטיבי,1
מיידי,1
מיידית,2
מייל,4
מיילים,1
מייצגת,1
מיכאל,2
מילאתי,1
מילה,3
מילואים,1
מילות,1
מיליארד,1
מיליון,1
מיליוני,1
מילים,2
מים,1
מימי,1
מימים,1
מימין,1
מינהל,1
מיני,5
מיפוי,2
מיקום,6
מיקצועי,1
מיקצועיים,1
מירב,1
מירית,1
מישהו,17
מישהוא,1
מישהי,1
מישיבות,1
מכ,1
מכאן,2
מכבד,2
מכבי,5
מכבים,2
מכבסי,1
מכבסת,1
מכוונות,1
מכול,1
מכולם,2
מכון,1
מכונת,1
מכיון,1
מכילות,1
מכיר,12
מכירה,2
מכירים,4
מכירת,1
מכך,3
מכל,2
מכם,2
מכמה,1
מכן,1
מכניסים,1
מכסות,1
מכפר,1
מכשול,1
מכשיר,8
מכשירי,7
מכשירים,1
מכשר,1
מכתב,1
מלא,3
מלאה,1
מלאו,2
מלבד,2
מלהגיד,1
מלהתלונן,1
מלחיץ,2
מלחמה,7
מלחמת,2
מלכתחילה,1
מלפני,1
מלקויי,1
ממאן,1
ממדטכניקה,2
ממדרגה,1
ממה,3
ממהירות,1
ממהרת,1
ממוחשבות,1
ממוקם,1
ממורמרים,1
ממושכות,1
ממחיר,1
ממחשב,1
ממילא,1
ממילוי,1
ממירה,1
ממישהו,2
ממך,1
ממכבי,1
ממלאים,1
ממליץ,5
ממליצה,3
מממממש,1
ממנה,2
ממנו,1
ממני,4
ממסר,1
ממצב,1
ממציא,1
ממציאות,1
ממקום,4
ממרחק,1
ממש,38
ממשטרת,1
ממשית,1
ממשלה,1
ממשלתי,5
ממשפטים,1
ממשרד,4
מן,1
מנהל,7
מנהלת,1
מנוי,1
מנויה,1
מנויים,3
מנוסח,1
מנוסחת,1
מנושאים,1
מנותקת,1
מניח,4
מניחה,1
מנסה,5
מנסים,3
מנצלים,2
מנת,3
מנתק,1
מסביב,1
מסביר,1
מסודר,4
מסודרת,1
מסויים,2
מסוימת,1
מסוכן,3
מסוללות,1
מסומן,1
מסחריות,2
מסחרית,2
מסיבי,1
מסיבת,1
מסים,1
מסירנה,1
מסך,5
מסכים,2
מסכימה,8
מסכן,1
מסכנים,2
מסכנת,2
מסל,9
מסלולרי,1
מסמכים,1
מסמנים,1
מסמנת,1
מסןדר,1
מספיק,12
מספיקה,1
מספיקים,1
מספק,1
מספקים,1
מספקת,2
מספר,21
מספרי,1
מסקנה,1
מסקנות,2
מסקרן,1
מסקרנת,1
מסר,1
מסרבות,1
מסרה,1
מסתבר,2
מסתדרים,1
מסתכלים,1
מסתכלת,1
מסתמא,1
מסתמכת,1
מסתנכרנים,1
מעבד,1
מעבדי,1
מעבירה,2
מעבירים,1
מעבר,2
מעגלי,1
מעדיף,4
מעדיפה,1
מעדכן,2
מעדכנת,1
מעודדים,2
מעודכן,1
מעודכנת,1
מעולה,10
מעולים,1
מעולם,1
מעוניין,2
מעוניינים,2
מעוניינת,1
מעורבת,1
מעורר,5
מעוררים,1
מעט,3
מעידו,1
מעייפות,1
מעיריות,1
מעיריית,3
מעל,3
מעלייך,1
מעלים,2
מעמיעוז,1
מענה,12
מעניין,2
מעניינת,1
מענים,3
מעפולה,1
מעצבן,1
מערב,1
מערוצים,1
מעריך,1
מעריכה,2
מערך,1
מערכות,1
מערכת,3
מערער,1
מעשי,1
מעשרות,1
מפגם,1
מפגש,2
מפה,1
מפוני,1
מפז,1
מפיץ,1
מפיקוד,5
מפלטפורמות,1
מפני,1
מפספסים,1
מפקיר,3
מפריע,1
מפרסם,3
מפרסמים,1
מפשות,1
מפתחת,1
מצאו,1
מצאתי,5
מצב,11
מצבי,1
מצבך,1
מצד,3
מצדיק,3
מצה,1
מצוין,7
מצוינים,1
מצוינת,1
מצומצם,1
מצומצמת,1
מצוקת,2
מצורף,87
מצטער,1
מצטרף,1
מצטרפת,5
מציאות,2
מציג,1
מציגים,1
מצידך,1
מציין,3
מציינים,1
מציע,9
מציעה,2
מציעים,1
מצליח,2
מצליחה,2
מצליחים,2
מצלצל,1
מצער,2
מצפה,1
מצפון,1
מצרפת,1
מקבל,23
מקבלים,7
מקבלת,4
מקו,1
מקובל,1
מקובלות,1
מקווה,7
מקוטע,1
מקום,12
מקומות,6
מקומיות,2
מקומית,5
מקופחת,1
מקופסה,1
מקופת,1
מקור,2
מקושר,2
מקושרות,3
מקושרת,2
מקטלג,1
מקל,1
מקליד,1
מקנא,1
מקסים,1
מקפיץ,1
מקצבה,1
מקצבת,1
מקצה,1
מקצועי,1
מקצועיים,1
מקרה,4
מקרוב,1
מקרים,1
מראש,3
מרגיז,1
מרגיש,2
מרגישה,1
מרגישים,2
מרגש,1
מרוב,1
מרובים,1
מרווח,1
מרווחה,2
מרוצה,4
מרוצים,1
מרותקים,1
מרחבים,1
מרחוק,2
מרחשוון,1
מריבות,1
מרכז,2
מרכיבים,1
מרלי,1
מרמת,2
מרשימת,1
מרשת,1
משבש,2
משגע,1
משגת,1
משהו,25
משהי,1
משוב,1
משווק,1
משולב,1
משולבים,1
משום,3
משומרה,1
משטרה,1
משיחה,1
משינה,1
משכורת,2
משכמך,1
משלה,1
משלהם,1
משלו,1
משלוח,2
משלכם,1
משלמים,4
משלמת,1
משמעותו,1
משמעותי,3
משמעית,2
משנה,4
משנהו,1
משעון,1
משעוני,1
משפחה,5
משפחות,1
משפחתכם,1
משפט,1
משפטי,3
משפטים,2
משפיע,1
משקים,1
משקיעים,2
משקף,2
משרד,13
משרתת,1
משתדל,1
משתיקים,1
משתלם,1
משתלמת,1
משתמש,3
משתמשים,1
משתנות,1
משתנים,3
משתתפת,1
מתאחדים,1
מתאים,27
מתאימות,2
מתאימים,1
מתארגנים,1
מתארח,1
מתביישת,1
מתבלבלים,1
מתבקשים,2
מתברר,1
מתדיינים,1
מתווכחים,2
מתוחים,1
מתוך,4
מתומלל,1
מתוצרת,2
מתוקן,2
מתורגם,1
מתחבא,1
מתחבר,8
מתחושת,1
מתחייב,1
מתחילים,1
מתחילת,1
מתחמם,1
מתחרשת,1
מתחת,2
מתי,3
מתכוון,2
מתכוונים,1
מתכוונת,2
מתכונן,1
מתכתב,1
מתלבטת,1
מתלמי,1
מתמודד,1
מתמחה,3
מתמלא,1
מתמללים,3
מתמצא,1
מתמצאת,1
מתמקד,1
מתנדב,1
מתנדבים,6
מתנהלת,1
מתנצלת,1
מתנתקים,1
מתעלמת,1
מתעסקים,2
מתפארת,1
מתפלל,1
מתקבל,1
מתקבלות,1
מתקבלת,1
מתקדם,3
מתקדמת,1
מתקיים,1
מתקלקל,1
מתקציב,1
מתקשים,1
מתקשרת,1
מתריע,9
מתרשם,1
ןאם,1
נא,3
נאבד,1
נאדה,1
נאות,1
נאידה,1
נאלם,1
נבדק,2
נבהלים,1
נבחן,1
נבצע,1
נבקש,1
נגד,2
נגיד,1
נגיע,1
נגיש,7
נגישה,1
נגישות,7
נגישים,2
נגמר,2
נדבות,1
נדבך,1
נדבקים,1
נדיב,1
נדמה,3
נדע,2
נדרשת,1
נהדר,3
נהיה,1
נהלים,1
נו,1
נואשות,1
נודיע,2
נוותר,1
נוז,1
נוח,3
נוחה,1
נוחים,1
נוכל,1
נוסח,1
נוסעת,1
נוסף,1
נוספות,3
נוספים,6
נוספת,4
נועדה,2
נועדים,2
נופלים,1
נוצר,1
נורא,6
נוראיות,1
נורמלי,1
נושא,10
נושאים,1
נותן,6
נותנים,1
נותר,1
נחות,1
נחותה,1
נחזור,2
נחמד,2
נחמדה,1
נחשב,2
נחשפנו,1
נטען,4
ניב,1
ניוז,3
נייד,2
נייח,1
ניסה,1
ניסו,1
ניסוי,1
ניסיון,5
ניסים,1
ניסיתי,6
ניצלת,1
ניצן,1
ניקוד,1
נישואים,1
ניתן,27
נכבד,1
נכה,6
נכון,61
נכונה,2
נכונות,2
נכות,4
נכי,2
נכנסות,3
נכנסים,1
נכנסנו,1
נכנסת,3
נכנסתי,1
נלהבים,1
נלהבת,1
נלחמת,1
נמאס,1
נמאסה,1
נמוך,2
נמוכה,2
נמחקה,30
נמכר,1
נמצא,4
נמצאות,1
נמצאים,4
נמשיך,2
נניח,7
נס,2
נסביר,1
נסגרה,1
נסיון,2
נסיונך,1
נסכים,1
נסראללה,1
נעדר,1
נעזור,1
נעים,3
נעימה,1
נעימים,1
נעמי,1
נענדים,1
נערה,1
נערכה,62
נערכת,2
נעשה,1
נפגשתי,1
נפחד,1
נפל,1
נפלא,1
נפלאה,1
נפליקס,1
נפנוף,1
נפרד,2
נפרדת,1
נפש,2
נפשו,1
נפשות,1
נפשי,1
נפתחה,1
נפתר,1
נצא,1
נציבות,1
נציג,4
נקודה,3
נקודות,3
נקודת,1
נקודתיות,1
נקודתית,1
נקווה,4
נקנתה,1
נקרא,3
נראה,14
נראלך,1
נרחבת,1
נרכין,1
נרכש,1
נש,1
נשאר,1
נשלח,1
נשמור,1
נשמע,1
נשפר,1
נשק,1
נשתדל,1
נתגייס,1
נתון,1
נתונים,1
נתחיל,1
נתיבות,1
נתכנס,1
נתנו,2
נתפסות,1
נתקל,2
נתקלתי,2
נתרמו,1
סבא,5
סבבה,4
סביב,4
סביבה,1
סביבות,1
סבסוד,1
סגורות,1
סגורים,1
סגנון,3
סגנית,1
סדר,1
סוג,8
סוגים,2
סולומון,1
סוללה,1
סוללות,5
סוף,7
סופית,2
סוציאלית,3
סורי,1
סחיבה,1
סיבה,1
סיבוני,1
סיבכו,1
סיגניה,7
סיגריות,1
סיום,1
סיוע,4
סיטואציות,1
סייע,1
סיכוי,1
סימן,1
סימנים,7
סימנס,1
סיני,1
סיננתי,1
סיסמא,2
סיפור,1
סירה,1
סירטון,1
סירנה,1
סך,1
סכום,1
סכנה,2
סכנת,1
סל,17
סלאמתק,1
סלולארי,1
סלולרי,1
סליחה,3
סמדר,4
סמויות,1
סמך,2
סמס,5
סמסונג,1
סמסים,1
סנטר,1
סניפים,1
סעיפים,1
ספאם,1
ספטמבר,1
ספיר,3
ספציפי,1
ספציפיים,1
ספציפית,1
ספק,3
ספקים,1
ספר,1
סקר,7
סקרנת,1
סרט,2
סרטון,3
סרטוני,4
סרטים,1
סרק,2
סתימת,1
סתם,7
סתמתי,1
סתרים,1
עבד,8
עבדה,2
עבדתי,1
עבודה,5
עבודת,1
עבודתך,1
עבור,17
עבורו,1
עבורי,4
עבורכם,3
עבורם,1
עבורנו,2
עבר,1
עברו,1
עגבניות,1
עד,26
עדיין,11
עדינות,1
עדיף,6
עדיפות,2
עדכוני,1
עדכונים,2
עדכן,1
עדכנו,2
עו,6
עובד,21
עובדה,2
עובדות,2
עובדים,6
עובדת,9
עוברים,3
עוברת,1
עוד,24
עוהב,1
עוול,1
עוזר,7
עוזרות,1
עוזרים,2
עולה,9
עולות,1
עונדים,1
עונה,2
עונים,1
עונש,1
עורכים,2
עורף,2
עושה,11
עושות,1
עושים,8
עזה,2
עזר,2
עזרה,5
עטופים,1
עי,1
עידו,31
עידוד,1
עידכונים,1
עידכנה,1
עיוורים,1
עיוות,1
עייניים,1
עייפות,1
עיירה,1
עייריה,1
עיכוב,2
עימו,1
עימות,1
עימם,1
עיני,2
עינת,2
עיר,5
עירוני,2
עירוניים,1
עירונית,3
עיריה,4
עיריות,1
עירייה,4
עיריית,9
עירית,1
עירך,1
עירניים,2
עכשיו,15
על,225
עלה,1
עלו,2
עלול,2
עלולים,2
עלות,6
עלי,3
עליה,4
עליהם,2
עליהן,1
עליו,3
עליי,1
עליך,3
עליכם,2
עלינו,2
עם,122
עםולה,1
עמדות,1
עמדת,1
עמה,1
עמו,1
עמוסות,1
עמותת,2
עמלות,1
עמק,2
עמר,1
ענו,2
עניי,1
עניין,11
ענייני,2
עניינים,1
ענין,4
עניתי,1
ענקית,2
ענת,3
עסק,1
עסקי,1
עסקים,1
עפולה,5
עצוב,4
עצובים,1
עצומה,2
עצם,4
עצמאי,2
עצמו,7
עצמינו,1
עצמית,2
עצמכם,2
עצמם,3
עצמן,1
עקב,4
עקום,1
עקרוני,1
עקרונית,1
עקשן,1
ערב,5
ערבי,2
ערוך,1
ערוץ,8
ערוצים,1
ערות,1
ערייה,1
ערים,3
ערן,7
עשה,1
עשו,2
עשוי,1
עשינו,1
עשית,2
עשיתי,1
עשיתם,3
עשרות,5
עשרת,2
עשתה,1
עת,2
עתה,1
פגיעה,1
פדל,5
פה,19
פוגע,2
פודטקסט,1
פודקאסטים,1
פונה,1
פונים,4
פונקציה,1
פונקציות,1
פוסט,1
פוסקים,1
פועל,3
פועלו,1
פועלות,1
פועלים,1
פועלת,1
פורסם,1
פחות,8
פי,2
פיגור,1
פיות,2
פיזית,2
פייסבוק,1
פייק,7
פינטו,1
פיסית,1
פיקוד,60
פיקודהעורף,1
פיקציה,2
פירסום,1
פירסם,1
פירסמתי,1
פישר,2
פיתוח,1
פיתרון,3
פיתרונות,1
פלאפון,5
פלאפונים,2
פלאש,1
פלוס,7
פלטפורמה,1
פלייליסט,1
פלפון,1
פלש,1
פנו,1
פני,2
פניות,3
פנייה,2
פנימיה,1
פנינה,1
פניתי,8
פנס,1
פספסתי,1
פעולה,4
פעולות,1
פעילה,1
פעם,22
פעמי,2
פעמים,9
פעמית,1
פער,1
פצפונת,2
פקער,7
פרוייקט,1
פרוייקטים,1
פרויקט,1
פרונטלי,1
פרופורציונליות,1
פרחים,1
פרטי,4
פרטיך,1
פרטיכם,1
פרטים,6
פרטית,2
פרטנר,1
פרי,2
פרמטר,1
פרנסה,1
פרסום,3
פרסומים,1
פרסומת,1
פרסונאליות,1
פרסונאלית,1
פרסם,3
פרסמו,1
פרסמתי,2
פרץ,1
פרק,2
פרקטי,1
פשוט,15
פשוטה,1
פשוטים,3
פשטה,1
פתאום,2
פתח,5
פתחתי,2
פתיחה,1
פתרון,10
פתרונות,3
צאט,1
צבאי,1
צבע,10
צה,8
צהל,2
צהריים,1
צודק,1
צודקים,1
צודקת,3
צוות,1
צוללת,1
צומי,1
צומצמו,1
צופה,2
צופר,1
צורך,12
צורן,1
צורת,1
ציבור,2
ציבורי,2
ציונה,2
ציינה,1
ציינתם,1
צילום,5
צילצול,1
ציני,1
ציפיתי,2
צליל,3
צלצול,7
צלצולים,1
צמוד,1
צמודים,1
צמיד,12
צמידי,1
צמידים,10
צנעת,1
צפו,1
צפון,3
צפונית,1
צפי,1
צפייה,1
צפייתי,1
צפירה,15
צפיתי,1
צפצףףףף,1
צרו,2
צריך,45
צריכה,9
צריכות,1
צריכים,4
צרכים,4
צרפת,2
קבוע,2
קבועים,1
קבוצה,3
קבוצות,5
קבוצת,5
קבלה,3
קבלות,1
קבלי,1
קבלת,2
קבלתי,1
קבצנים,1
קדימה,1
קהילת,1
קהילתיים,1
קו,2
קואצרים,1
קובי,5
קובעת,2
קוד,1
קודם,11
קודמים,1
קודש,1
קווים,1
קול,2
קולגה,1
קום,1
קומפלט,1
קונה,2
קונים,5
קופ,2
קופות,3
קופח,1
קופחים,1
קופסאת,1
קופת,2
קוצב,1
קוראים,3
קוראת,1
קורה,5
קורקט,1
קושי,2
קח,2
קחו,1
קטן,5
קטנה,4
קטנות,3
קטנים,2
קטע,1
קיבל,3
קיבלה,5
קיבלו,4
קיבלנו,3
קיבלת,1
קיבלתי,9
קיבלתם,1
קיטור,1
קיים,1
קיימת,2
קיללתי,2
קיצרו,1
קישור,30
קישוריות,1
קל,7
קליטה,3
קליטת,1
קלינאית,2
קלר,7
קמ,1
קמנו,1
קמצן,1
קנו,5
קניה,1
קנייה,1
קניית,2
קנינו,1
קניתי,4
קנס,1
קנתה,1
קסדה,1
קצבה,1
קצוץ,1
קצר,4
קצרה,1
קצת,12
קקון,1
קראדי,1
קראת,3
קראתי,1
קרב,1
קרבה,1
קרדיט,1
קרה,2
קרוב,3
קרולינה,1
קריאה,3
קריות,2
קריטריונים,5
קריסת,1
קרית,4
קרמי,2
קרסה,1
קשה,4
קשובים,1
קשור,11
קשורה,2
קשיים,1
קשים,1
קשר,30
קשרי,1
קשרים,1
ראדי,1
ראה,3
ראוי,1
ראיון,1
ראית,1
ראיתי,6
ראש,13
ראשון,8
ראשונה,5
ראשונים,1
ראשי,5
ראשינו,1
ראשל,1
ראשלצ,1
ראשת,1
ראתה,1
רב,4
רבה,5
רבות,3
רבים,4
רביעי,1
רבנים,1
רגוע,1
רגועים,1
רגיל,11
רגילה,2
רגישות,1
רגישים,1
רגע,4
רדיו,2
רואה,6
רואים,2
רוב,4
רובוט,1
רובם,2
רובנו,4
רווחה,11
רוז,1
רוטט,8
רוכשים,1
רולטה,1
רונן,4
רוסית,1
רועי,1
רופא,1
רוצה,19
רוצים,16
רושם,1
רושמת,2
רז,1
רחבה,2
רחבי,1
רחובות,2
רחוק,1
רטט,45
ריב,1
ריכוז,2
רינה,3
רינת,1
רישום,1
רישיון,1
רכישה,1
רכישות,1
רכישת,3
רכש,2
רכשה,1
רכשתם,1
רלוונטי,2
רלוונטים,1
רלוונטית,1
רמת,5
רסיבר,1
רע,1
רעות,1
רעננה,1
רעש,1
רעשים,1
רפואית,1
רצו,1
רצון,1
רציתי,5
רק,77
רקובה,1
רקטות,1
רקע,1
רשויות,1
רשום,4
רשומים,1
רשות,9
רשימה,4
רשימת,1
רשלני,1
רשם,1
רשמי,4
רשמית,3
רשמתי,3
רשת,1
רשתות,1
שאביזר,1
שאברר,1
שאהרון,1
שאוכל,1
שאולי,3
שאומר,1
שאומרים,2
שאחראי,1
שאחת,1
שאין,17
שאינה,1
שאינו,3
שאינם,2
שאישר,1
שאכזבה,1
שאכן,2
שאלה,13
שאלות,4
שאלתי,2
שאם,5
שאמון,1
שאמור,1
שאמין,1
שאמנם,1
שאמרו,2
שאמרתי,2
שאנו,2
שאנחנו,3
שאני,14
שאנשים,2
שאסור,1
שאעביר,1
שאף,2
שאפליקציות,1
שאפליקציית,1
שאפשר,14
שאצטרך,1
שאצלנו,1
שאקבל,1
שאקטיב,1
שאשדוד,1
שאת,4
שאתה,10
שאתם,7
שבא,4
שבאו,1
שבאינטרנט,1
שבאלימות,1
שבאמת,3
שבגדול,1
שבה,3
שבהם,4
שבהקלדה,1
שבו,4
שבוע,8
שבועות,1
שבועיים,2
שבועית,1
שבור,1
שבורה,1
שבזמן,1
שבחרדות,1
שבחרתי,1
שבטוח,1
שבכל,1
שבכלל,1
שבמקרה,1
שבן,1
שבנינו,1
שבע,1
שבעניין,1
שבעקבות,1
שבעת,1
שבצפון,1
שברגע,1
שברווחה,1
שבשגרה,1
שבשיח,1
שבת,8
שבתוך,1
שגוי,2
שגולל,1
שגיאה,1
שגיאות,3
שגם,4
שגר,1
שגרה,1
שגרים,2
שגרירת,1
שדובר,2
שדווקא,1
שדות,1
שדיברתם,1
שדרוג,1
שהאויבים,1
שהאחריות,1
שהבינו,1
שהבנתי,1
שהבנתם,1
שהגבת,1
שהגדרתי,1
שהגיב,1
שהדס,1
שההתרעה,1
שהוא,19
שהודיעו,1
שהוזן,4
שהוספת,1
שהופך,1
שהורדתי,1
שהושקעו,1
שהחטןפים,1
שהחליטו,3
שהטלפון,1
שהיא,6
שהיה,6
שהייתי,1
שהיתה,1
שהכוונה,2
שהכי,4
שהכל,1
שהכנו,1
שהכרית,2
שהלב,1
שהלכתי,1
שהם,20
שהמדינה,2
שהמלחמה,1
שהמליץ,1
שהמעבדים,1
שהמענים,1
שהמצב,1
שהמשך,1
שהמשתמש,1
שהן,2
שהנושא,1
שהספקתי,1
שהסקר,1
שהעבודת,1
שהעלו,1
שהפלפון,1
שהצעתי,1
שהצרכים,1
שהקריטריונים,1
שהרבה,2
שהרטט,1
שהרישום,1
שהשאלה,1
שהשאלון,2
שהשעון,1
שהתחברה,1
שהתחממו,1
שהתכוונתי,1
שהתמונה,1
שהתשובה,1
שואל,1
שואלת,8
שוב,16
שוהם,1
שווא,1
שווה,6
שוחחנו,1
שולח,2
שולחים,3
שולחת,1
שום,12
שומכ,1
שומע,8
שומעים,9
שומעת,3
שונאות,1
שונה,5
שונות,6
שונים,7
שוקת,1
שורדת,1
שזה,37
שזום,1
שזכאי,2
שזקוקה,1
שזקוקים,2
שזרם,1
שח,13
שחבר,4
שחה,1
שחווינו,1
שחוזר,1
שחולקו,1
שחוץ,1
שחושב,1
שחוששת,1
שחייגתי,1
שחיים,1
שחכמים,1
שחלקן,1
שחלקנו,1
שחמאס,1
שחסרה,1
שחרד,2
שחרור,1
שחררי,1
שחררתי,1
שחרשות,1
שחשבתי,1
שחשוב,1
שטוב,9
שטל,1
שטלפון,1
שטרם,1
שי,4
שיאומי,20
שיאמי,1
שיבדוק,1
שיבוא,1
שיבושים,1
שיבחר,1
שיבינו,2
שיגיע,1
שידבר,1
שידו,1
שידוע,1
שידורים,1
שידורית,1
שידע,1
שידרוג,1
שיהונתן,1
שיהיה,18
שיואמי,1
שיוביל,1
שיוביץ,1
שיודע,3
שיוודא,1
שיווקי,1
שיוכלו,1
שיומי,1
שיושבים,1
שיותר,1
שיזרזו,1
שיחה,8
שיחות,7
שיחכה,1
שיחליפו,2
שיחלקו,1
שיחררתי,1
שיחת,2
שיטת,2
שייאיישו,1
שיידעו,1
שייך,2
שיכול,6
שיכולה,1
שיכלה,1
שילך,1
שילמתם,1
שימו,2
שימושי,4
שימנע,1
שינגישו,2
שינה,3
שינו,3
שינוי,1
שינסו,1
שינתה,1
שיעור,2
שיעורי,1
שיעזור,1
שיעזרו,2
שיעל,1
שיעלו,1
שיעסיקו,1
שיעשה,2
שיעשו,2
שיפגע,1
שיפגעו,1
שיפור,3
שיפעל,1
שיפתחו,1
שיצא,2
שיצטברו,1
שיצלם,1
שיצלצל,1
שיקום,1
שיקח,1
שיקליט,1
שיקנה,1
שיקראו,1
שיקרי,2
שיראו,1
שירות,14
שירותי,1
שירותים,1
שירטוט,1
שירים,2
שירכוש,1
שירלי,3
שיש,76
שישמע,1
שישנו,1
שישתמש,1
שישתמשו,1
שיתוף,5
שיתכבד,1
שיתקשר,1
שיתקשרו,1
שיתריע,2
שיתריעו,1
שכאלה,1
שכאן,1
שכבר,3
שכולה,1
שכוללים,2
שכולם,2
שכולנו,1
שכומתה,2
שכזה,1
שככה,1
שכל,18
שכלחייל,1
שכן,3
שכעת,1
שכתב,3
שכתבת,2
שכתבתי,1
שכתוב,2
שכתוביות,1
של,260
שלא,80
שלאחד,1
שלאחר,1
שלאחרונה,1
שלאנשים,1
שלה,8
שלהם,18
שלו,22
שלוות,1
שלום,19
שלוקחים,2
שלושה,2
שלח,1
שלחה,2
שלחתי,5
שלי,18
שליגטימי,1
שלישון,1
שלישי,5
שלך,25
שלכם,9
שלם,2
שלמדו,1
שלמה,2
שלמים,5
שלמישהו,1
שלן,1
שלנו,13
שלעיל,1
שלעיתים,1
שלצערנו,1
שלר,1
שם,36
שםיקוד,1
שמאושר,1
שמאז,1
שמאכזבת,1
שמאפשר,1
שמבחינה,1
שמבינים,2
שמבקר,1
שמבקש,1
שמגדיר,1
שמגיע,5
שמדבר,1
שמדובר,1
שמה,5
שמהיום,1
שמודל,1
שמוזר,1
שמוכר,3
שמוכרים,1
שמועיל,1
שמופיע,1
שמוצבים,1
שמות,1
שמזדהים,1
שמחה,3
שמחים,1
שמחלקים,4
שמחלקת,1
שמחפש,1
שמחר,1
שמי,1
שמייצג,1
שמים,1
שמיעה,75
שמיצו,1
שמישהו,1
שמך,1
שמכוונים,1
שמכון,1
שמכיר,1
שממש,1
שממשל,1
שמנוי,1
שמסביב,1
שמסדרים,1
שמסוגל,1
שמסוגלת,1
שמסכן,1
שמספקים,1
שמספרך,1
שמע,2
שמעדכנים,1
שמעו,1
שמעוניין,2
שמעוניינים,1
שמעיר,1
שמעניין,1
שמעתי,3
שמפוזרים,1
שמפעיל,3
שמצבי,1
שמציע,1
שמצלצל,1
שמצלצלים,1
שמקבל,1
שמקבלים,7
שמקווה,1
שמקושר,2
שמקליד,1
שמקלידה,1
שמקשר,1
שמראה,2
שמרגיש,2
שמרגישים,1
שמרו,4
שמש,15
שמשרתת,1
שמשתמשים,1
שמת,1
שמתאים,6
שמתאימים,1
שמתחבר,1
שמתחברת,1
שמתי,1
שמתנערים,1
שמתעדכן,1
שמתקשר,1
שמתרחשות,1
שמתריע,4
שמתריעות,2
שמתריעים,1
שןק,1
שנאמר,2
שנאמרו,1
שנבחר,1
שנגמר,1
שנדרש,1
שנה,9
שנהיה,2
שנהייה,1
שנובעות,2
שנוח,1
שנוכל,1
שנועד,1
שנורא,1
שנות,2
שנותנים,2
שנותנת,1
שנותרו,1
שנחשף,1
שני,6
שניה,1
שניהם,4
שניות,2
שניים,1
שנים,18
שניתן,4
שנכתבה,1
שנמצאבתוכנית,1
שנמצאים,1
שנסראללה,1
שנסתפק,1
שנעצור,1
שנפלו,1
שנפעל,1
שנצטרך,1
שנקלט,1
שנקרא,2
שנקראת,1
שנראה,1
שנרכשו,1
שנרשם,2
שנשלב,1
שנשלח,1
שנשלחת,1
שנשמעה,1
שנתייאש,1
שנתיים,2
שנתים,1
שנתנו,1
שסיפרו,1
שספיר,1
שסתם,1
שעדיין,1
שעדיף,1
שעה,3
שעובד,6
שעובדים,4
שעובדת,2
שעוד,2
שעולה,3
שעולים,1
שעון,68
שעוני,5
שעונים,29
שעוסקים,1
שעורך,1
שעושות,1
שעושים,1
שעות,2
שעידו,1
שעיירית,1
שעיריות,1
שעירייה,1
שעלו,1
שעם,1
שעקצו,1
שעשו,1
שעשתה,1
שעת,2
שפגעו,1
שפה,1
שפוי,1
שפויים,1
שפונים,1
שפועל,1
שפורסמו,1
שפחות,1
שפיות,1
שפיקוד,4
שפיר,10
שפנתה,1
שפספסתי,1
שפקד,1
שפקער,4
שפרסמתי,1
שפת,7
שפתחתי,1
שצבע,1
שציינתי,2
שצריך,9
שק,2
שקבוצת,1
שקד,1
שקוף,1
שקורה,1
שקט,7
שקטה,2
שקטים,4
שקיבל,2
שקיבלו,3
שקיבלנו,1
שקיבלתי,4
שקל,12
שקלים,4
שקנו,1
שקרה,1
שקשור,2
שקשורים,1
שראה,1
שראשי,1
שרואה,1
שרואים,1
שרוב,2
שרוטט,1
שרוצה,9
שרות,1
שרטט,1
שרי,2
שריקה,1
שרציתי,1
שרק,4
שרשויות,1
שרשות,1
שרשמה,1
שרשמתי,1
שרשרת,1
שרתים,1
ששהו,1
ששוב,1
ששומע,2
ששומעים,1
ששונה,1
ששי,1
ששיאומי,1
ששים,1
ששלחו,1
ששם,2
ששמעתי,2
ששפת,1
שתבדוק,1
שתבחר,1
שתבקש,2
שתגדירי,1
שתגיבי,1
שתגיעו,1
שתהיה,6
שתהיו,1
שתזדר,1
שתחושת,1
שתי,1
שתיהן,1
שתיים,2
שתילי,1
שתיקה,2
שתכניס,1
שתכתבו,1
שתכתוב,1
שתל,4
שתלויים,2
שתלכי,1
שתמונה,1
שתמחק,1
שתמלול,1
שתעזור,1
שתפו,2
שתפח,1
שתפנה,1
שתפעל,1
שתצפו,1
שתקבל,1
שתקבלו,1
שתרגישי,1
שתריבו,1
שתשבי,1
שתתנצל,1
שתתקשר,1
תא,1
תאגידי,1
תאמין,1
תאמת,1
תארגנו,1
תבדוק,1
תבדקו,1
תבדקי,1
תבואו,2
תבחר,2
תבחרו,1
תבקשי,1
תברר,1
תגדיר,1
תגדירו,1
תגובה,4
תגובות,2
תגובתך,1
תגיבו,1
תגיבי,1
תגיד,1
תגידו,4
תגידי,1
תדאגי,1
תדע,1
תדפדפי,3
תהוציא,1
תהיה,14
תהיו,3
תהיי,1
תהליכים,1
תהפכו,1
תהרוג,1
תואם,2
תודה,68
תוהה,2
תוך,6
תוכל,2
תוכלי,1
תוכנית,1
תומך,5
תומכים,1
תומכת,1
תועלת,1
תופעה,1
תוצאות,3
תור,2
תורה,1
תוריד,1
תורידי,1
תורים,1
תורם,1
תורמת,1
תורת,1
תושב,2
תושבות,1
תושבי,4
תושבים,2
תותח,1
תזדקקו,1
תחום,1
תחומים,1
תחושה,2
תחזוק,1
תחזיר,1
תחיה,1
תחילת,1
תחכו,1
תחליף,1
תחליפים,1
תחלק,1
תחסוך,1
תחסכי,1
תחפשי,1
תחשוב,1
תחת,1
תיאום,2
תיבות,3
תיגשי,1
תיווך,2
תיכון,1
תיכונית,1
תימני,1
תיעזרו,1
תיענה,1
תיצרי,1
תיק,1
תיקון,2
תיקח,2
תירגום,1
תירוצים,2
תירשמו,1
תישמע,1
תישן,1
תכבי,1
תכופה,1
תכלס,1
תכנסי,2
תכתבו,3
תל,17
תלוי,16
תלויה,3
תלויות,1
תלויים,2
תלוית,1
תלונה,1
תלונות,1
תלונתי,1
תלות,4
תלחצו,1
תלחצי,1
תלכי,1
תם,1
תמונת,1
תמורה,1
תמות,1
תמיד,18
תמיכה,1
תמלול,7
תמר,1
תמשיכו,1
תנאים,2
תנו,2
תנסה,1
תנסו,1
תנסי,4
תנצל,1
תנצלי,2
תסבירי,1
תסגרו,1
תסיחי,1
תסייעו,1
תסכול,1
תסתדרו,1
תסתכלי,1
תעבירו,2
תעדכני,1
תעודת,2
תעזבי,1
תעלה,3
תענה,1
תעקבו,1
תעשה,2
תעשו,2
תעשי,1
תפארתו,1
תפוצה,1
תפח,1
תפיסה,1
תפיצו,1
תפנו,3
תפני,3
תפסיקו,2
תפעול,1
תפרגנו,2
תצטרפי,1
תציינו,1
תציע,1
תציפו,1
תצלמו,1
תצפה,3
תצרפי,1
תקבל,2
תקבלו,1
תקבלי,3
תקבע,1
תקווה,7
תקוע,2
תקועים,1
תקופת,1
תקחי,2
תקין,4
תקלה,3
תקנו,1
תקני,2
תקציבים,2
תקראי,2
תקרה,1
תקשורת,35
תקשיב,1
תרגום,9
תרגיל,1
תרגיש,1
תרויחי,1
תרופות,1
תרכשי,1
תרמו,1
תרשמי,1
תשאל,1
תשאלו,1
תשובה,5
תשים,1
תשכח,1
תשלום,3
תשלח,1
תשלחו,2
תשלחי,1
תשמחי,1
תשמע,1
תשתמשו,1
תשתתפו,2
תתביישי,2
תתחשב,1
תתמודד,1
תתמודדו,1
תתן,1
תתעלמו,1
תתפלא,1
תתקבל,2
תתקדמי,1
תתקיים,2
תתקן,2
תתקשר,2
תתרום,1
